{
  "type": "FeatureCollection",
  "features": [
    {
      "type": "Feature",
      "id": 67803,
      "geometry": {
        "type": "MultiLineString",
        "coordinates": [
          [
            [
              -76.3126774104262,
              36.8865330013116
            ],
            [
              -76.3126916981308,
              36.8866307942625
            ],
            [
              -76.3127456671165,
              36.8873680884966
            ],
            [
              -76.3127868467874,
              36.888074928539
            ]
          ],
          [
            [
              -76.3127868503807,
              36.888074928539
            ],
            [
              -76.3127892551707,
              36.8881100047829
            ],
            [
              -76.3127915054505,
              36.8881505637354
            ],
            [
              -76.3128293622532,
              36.8888539069057
            ],
            [
              -76.3128562048122,
              36.8893461856482
            ],
            [
              -76.3128583104632,
              36.8893915526558
            ],
            [
              -76.3128576609813,
              36.8894142030999
            ],
            [
              -76.3128558984867,
              36.8894753059553
            ],
            [
              -76.312681088129,
              36.8913848888699
            ]
          ]
        ]
      },
      "properties": {
        "OBJECTID": 67803,
        "LINKID": "654572",
        "DATA_DATE": 1641013200000,
        "ROUTE_COMMON_NAME": "Powhatan AVE (PR - City of Norfolk)",
        "ROUTE_NAME": "S-VA122PR POWHATAN AVE",
        "HTRIS_ID": "15878",
        "ROUTE_ALIAS": "          ",
        "START_LABEL": "Powhatan Avenue",
        "END_LABEL": "38th St",
        "ADT": 5200,
        "ADT_QUALITY": "G",
        "PERCENT_4_TIRE": 99.0913,
        "PERCENT_BUS": 0.30609,
        "PERCENT_TRUCK_2_AXLE": 0.39696,
        "PERCENT_TRUCK_3_AXLE": 0.09565,
        "PERCENT_TRUCK_1_TRAIL": 0.11478,
        "PERCENT_TRUCK_2_TRAIL": 0.0047799999999999995,
        "CLASS_QUALITY_CODE": "F",
        "K_FACTOR": 0.07730000000000001,
        "K_FACTOR_QUALITY_CODE": "F",
        "DIRECTION_FACTOR": 0.5524,
        "AAWDT": 9700,
        "AAWDT_QUALITY_CODE": "G",
        "LOC_COMP_DIRECTIONALITY_NAME": "Bidirectional",
        "ROUTE_FROM_MEASURE": 0.5840000000000001,
        "FROM_JURISDICTION": "City of Norfolk",
        "ROUTE_TO_MEASURE": 0.92,
        "TO_JURISDICTION": "City of Norfolk",
        "PEAK_SINGLE_UNIT_TRUCK": 0.03633,
        "PEAK_COMBINATION_TRUCK": 0.01778,
        "EVENT_SOURCE_ID": 654572,
        "EVENT_LOCATION_ID": 1,
        "EVENT_COMPONENT_ID": 3,
        "MAXIMUMSCALEDENOMINATOR": 200000,
        "ROUTE_COMMON_NAME_ADT": "Powhatan AVE (PR - City of Norfolk) - ADT 5200",
        "FROM_DISTRICT": "Hampton Roads",
        "TO_DISTRICT": "Hampton Roads",
        "RTE_TYPE_CD": "ST",
        "RTE_ID": 9134297,
        "DATA_CUSTODIAN_EMAIL": null,
        "METADATA_URL": null,
        "Shape__Length": 676.5682201685777
      }
    },
    {
      "type": "Feature",
      "id": 26859,
      "geometry": {
        "type": "LineString",
        "coordinates": [
          [
            -76.282012928621,
            36.8807089662684
          ],
          [
            -76.2820148357443,
            36.8809754826547
          ],
          [
            -76.2819825071739,
            36.8812442737445
          ],
          [
            -76.2819583963917,
            36.8814175939016
          ],
          [
            -76.2818536851689,
            36.8819356220169
          ],
          [
            -76.2817883165623,
            36.882292730738
          ],
          [
            -76.2816360197823,
            36.8830712874048
          ],
          [
            -76.2816150872395,
            36.8832026378544
          ],
          [
            -76.2814989719042,
            36.8838841210716
          ],
          [
            -76.281481978474,
            36.8840201929508
          ],
          [
            -76.2812762220531,
            36.8854364346309
          ],
          [
            -76.2811877056583,
            36.8860627860968
          ],
          [
            -76.2811759251516,
            36.8861147652526
          ],
          [
            -76.2811610831865,
            36.8861543222402
          ],
          [
            -76.2811496629043,
            36.8861939460276
          ],
          [
            -76.2811348245324,
            36.8862334993816
          ],
          [
            -76.2811199906522,
            36.8862730563076
          ],
          [
            -76.2811051693483,
            36.8863119270478
          ],
          [
            -76.2810869299548,
            36.8863507352588
          ],
          [
            -76.2810721167357,
            36.8863896016484
          ],
          [
            -76.2810538980034,
            36.8864277236557
          ],
          [
            -76.2810356828644,
            36.8864658449254
          ],
          [
            -76.2810140424492,
            36.886503896482
          ],
          [
            -76.2809924262885,
            36.8865412647302
          ],
          [
            -76.2809708146195,
            36.8865786329602
          ],
          [
            -76.2809492236116,
            36.8866153150092
          ],
          [
            -76.2809276245189,
            36.8866520006332
          ],
          [
            -76.2809026109298,
            36.886688611516
          ],
          [
            -76.2808485637908,
            36.8867823828604
          ],
          [
            -76.2807910931721,
            36.8868760793663
          ],
          [
            -76.2793910930563,
            36.8890166137605
          ],
          [
            -76.2793480188385,
            36.8890858600925
          ],
          [
            -76.2793192484949,
            36.8891340817411
          ],
          [
            -76.2792938710881,
            36.889183057035
          ],
          [
            -76.27926507649,
            36.8892319654798
          ],
          [
            -76.2792396990832,
            36.8892809364002
          ],
          [
            -76.2792177191048,
            36.889330660245
          ],
          [
            -76.2791923255284,
            36.8893803186768
          ],
          [
            -76.2791703203972,
            36.8894307293127
          ],
          [
            -76.2791517207792,
            36.8894818928698
          ],
          [
            -76.2791297201396,
            36.8895323077494
          ],
          [
            -76.2791111250132,
            36.8895834640537
          ],
          [
            -76.279092504734,
            36.8896353100516
          ],
          [
            -76.2790773232057,
            36.8896865402889
          ],
          [
            -76.2790621210161,
            36.8897384530341
          ],
          [
            -76.2790468981653,
            36.8897910490042
          ],
          [
            -76.2790351095739,
            36.8898430277771
          ],
          [
            -76.279023308406,
            36.8898956940846
          ],
          [
            -76.2790115036449,
            36.8899483560451
          ],
          [
            -76.2789913149071,
            36.8900537459555
          ],
          [
            -76.2789349869456,
            36.8904586050072
          ]
        ]
      },
      "properties": {
        "OBJECTID": 26859,
        "LINKID": "654153",
        "DATA_DATE": 1641013200000,
        "ROUTE_COMMON_NAME": "US-460E",
        "ROUTE_NAME": "R-VA   US00460EB",
        "HTRIS_ID": "  US00460     ",
        "ROUTE_ALIAS": "          ",
        "START_LABEL": "Llewellyn Ave",
        "END_LABEL": "Willow Wood Dr",
        "ADT": 33000,
        "ADT_QUALITY": "G",
        "PERCENT_4_TIRE": 95.92778,
        "PERCENT_BUS": 2.01021,
        "PERCENT_TRUCK_2_AXLE": 1.19162,
        "PERCENT_TRUCK_3_AXLE": 0.25386,
        "PERCENT_TRUCK_1_TRAIL": 0.58545,
        "PERCENT_TRUCK_2_TRAIL": 0.03109,
        "CLASS_QUALITY_CODE": "F",
        "K_FACTOR": 0.09290000000000001,
        "K_FACTOR_QUALITY_CODE": "F",
        "DIRECTION_FACTOR": 0.5205000000000001,
        "AAWDT": 35000,
        "AAWDT_QUALITY_CODE": "G",
        "LOC_COMP_DIRECTIONALITY_NAME": "Master Prime",
        "ROUTE_FROM_MEASURE": 402.16,
        "FROM_JURISDICTION": "City of Norfolk",
        "ROUTE_TO_MEASURE": 403.02,
        "TO_JURISDICTION": "City of Norfolk",
        "PEAK_SINGLE_UNIT_TRUCK": 0.18580000000000002,
        "PEAK_COMBINATION_TRUCK": 0.005569999999999999,
        "EVENT_SOURCE_ID": 654153,
        "EVENT_LOCATION_ID": 1,
        "EVENT_COMPONENT_ID": 1,
        "MAXIMUMSCALEDENOMINATOR": 1600000,
        "ROUTE_COMMON_NAME_ADT": "US-460E - ADT 33000",
        "FROM_DISTRICT": "Hampton Roads",
        "TO_DISTRICT": "Hampton Roads",
        "RTE_TYPE_CD": "US",
        "RTE_ID": 2429646,
        "DATA_CUSTODIAN_EMAIL": null,
        "METADATA_URL": null,
        "Shape__Length": 1417.952312678168
      }
    },
    {
      "type": "Feature",
      "id": 81071,
      "geometry": {
        "type": "LineString",
        "coordinates": [
          [
            -76.287015477555,
            36.8720093368806
          ],
          [
            -76.2848216146631,
            36.8713731828992
          ],
          [
            -76.2836416209435,
            36.8710308544439
          ]
        ]
      },
      "properties": {
        "OBJECTID": 81071,
        "LINKID": "654596",
        "DATA_DATE": 1641013200000,
        "ROUTE_COMMON_NAME": "VA-247E",
        "ROUTE_NAME": "R-VA   SR00247EB",
        "HTRIS_ID": "  SR00247     ",
        "ROUTE_ALIAS": "          ",
        "START_LABEL": "Llewellyn Ave",
        "END_LABEL": "Monticello Ave",
        "ADT": 11000,
        "ADT_QUALITY": "G",
        "PERCENT_4_TIRE": 97.56414,
        "PERCENT_BUS": 0.6844899999999999,
        "PERCENT_TRUCK_2_AXLE": 1.02864,
        "PERCENT_TRUCK_3_AXLE": 0.28679,
        "PERCENT_TRUCK_1_TRAIL": 0.42827,
        "PERCENT_TRUCK_2_TRAIL": 0.00765,
        "CLASS_QUALITY_CODE": "F",
        "K_FACTOR": 0.093,
        "K_FACTOR_QUALITY_CODE": "F",
        "DIRECTION_FACTOR": 1,
        "AAWDT": 21000,
        "AAWDT_QUALITY_CODE": "G",
        "LOC_COMP_DIRECTIONALITY_NAME": "Master Prime",
        "ROUTE_FROM_MEASURE": 0.73,
        "FROM_JURISDICTION": "City of Norfolk",
        "ROUTE_TO_MEASURE": 0.9,
        "TO_JURISDICTION": "City of Norfolk",
        "PEAK_SINGLE_UNIT_TRUCK": 0.10787999999999999,
        "PEAK_COMBINATION_TRUCK": 0.0074399999999999996,
        "EVENT_SOURCE_ID": 654596,
        "EVENT_LOCATION_ID": 1,
        "EVENT_COMPONENT_ID": 1,
        "MAXIMUMSCALEDENOMINATOR": 400000,
        "ROUTE_COMMON_NAME_ADT": "VA-247E - ADT 11000",
        "FROM_DISTRICT": "Hampton Roads",
        "TO_DISTRICT": "Hampton Roads",
        "RTE_TYPE_CD": "SR",
        "RTE_ID": 1928378,
        "DATA_CUSTODIAN_EMAIL": null,
        "METADATA_URL": null,
        "Shape__Length": 399.4951324164874
      }
    },
    {
      "type": "Feature",
      "id": 81022,
      "geometry": {
        "type": "LineString",
        "coordinates": [
          [
            -76.2748042727577,
            36.9150092848579
          ],
          [
            -76.2751283912005,
            36.9150408315637
          ],
          [
            -76.2753604224451,
            36.9150623934635
          ],
          [
            -76.2761452391863,
            36.9151349415517
          ],
          [
            -76.2766433774692,
            36.9151828328764
          ],
          [
            -76.2770220892267,
            36.9152195306249
          ],
          [
            -76.2781613461448,
            36.9153399697897
          ],
          [
            -76.2792460088498,
            36.9154552490472
          ],
          [
            -76.2805696261152,
            36.9155894590329
          ],
          [
            -76.2808630122938,
            36.9156190397254
          ],
          [
            -76.2821695606706,
            36.9157522151851
          ],
          [
            -76.2858469741862,
            36.9161285604339
          ],
          [
            -76.2863792161106,
            36.9161804817663
          ],
          [
            -76.286467885219,
            36.9161903917184
          ],
          [
            -76.2865565992432,
            36.9161989363397
          ],
          [
            -76.2866453303354,
            36.916206790036
          ],
          [
            -76.2867341189198,
            36.9162125745503
          ],
          [
            -76.286822932657,
            36.9162176803498
          ],
          [
            -76.2869118047847,
            36.916220729896
          ],
          [
            -76.287000693082,
            36.9162230928273
          ],
          [
            -76.2870896101255,
            36.9162247641164
          ],
          [
            -76.28721281766,
            36.9162236515995
          ],
          [
            -76.2883594847808,
            36.9162081467466
          ],
          [
            -76.288513514411,
            36.9162062312636
          ],
          [
            -76.2888863475932,
            36.9162011750203
          ],
          [
            -76.2893623936084,
            36.9161947240003
          ],
          [
            -76.2900604654325,
            36.9161842136197
          ],
          [
            -76.2904577642315,
            36.9161782308754
          ],
          [
            -76.2916385772146,
            36.9161610798605
          ],
          [
            -76.2922924824695,
            36.9161515749789
          ],
          [
            -76.293062671943,
            36.9161399391464
          ],
          [
            -76.2936676854902,
            36.9161311302146
          ],
          [
            -76.2940724573741,
            36.9161252379616
          ]
        ]
      },
      "properties": {
        "OBJECTID": 81022,
        "LINKID": "654181",
        "DATA_DATE": 1641013200000,
        "ROUTE_COMMON_NAME": "VA-165N",
        "ROUTE_NAME": "R-VA   SR00165NB",
        "HTRIS_ID": "  SR00165     ",
        "ROUTE_ALIAS": "          ",
        "START_LABEL": "US 460 Granby St",
        "END_LABEL": "Diven St",
        "ADT": 20000,
        "ADT_QUALITY": "G",
        "PERCENT_4_TIRE": 98.32180000000001,
        "PERCENT_BUS": 0.67872,
        "PERCENT_TRUCK_2_AXLE": 0.60434,
        "PERCENT_TRUCK_3_AXLE": 0.2092,
        "PERCENT_TRUCK_1_TRAIL": 0.18595,
        "PERCENT_TRUCK_2_TRAIL": 0,
        "CLASS_QUALITY_CODE": "C",
        "K_FACTOR": 0.0835,
        "K_FACTOR_QUALITY_CODE": "F",
        "DIRECTION_FACTOR": 0.5566,
        "AAWDT": 21000,
        "AAWDT_QUALITY_CODE": "G",
        "LOC_COMP_DIRECTIONALITY_NAME": "Bidirectional",
        "ROUTE_FROM_MEASURE": 37.888000000000005,
        "FROM_JURISDICTION": "City of Norfolk",
        "ROUTE_TO_MEASURE": 38.96,
        "TO_JURISDICTION": "City of Norfolk",
        "PEAK_SINGLE_UNIT_TRUCK": 0.0476,
        "PEAK_COMBINATION_TRUCK": 0.00418,
        "EVENT_SOURCE_ID": 654181,
        "EVENT_LOCATION_ID": 1,
        "EVENT_COMPONENT_ID": 2,
        "MAXIMUMSCALEDENOMINATOR": 400000,
        "ROUTE_COMMON_NAME_ADT": "VA-165N - ADT 20000",
        "FROM_DISTRICT": "Hampton Roads",
        "TO_DISTRICT": "Hampton Roads",
        "RTE_TYPE_CD": "SR",
        "RTE_ID": 1697954,
        "DATA_CUSTODIAN_EMAIL": null,
        "METADATA_URL": null,
        "Shape__Length": 2155.6435298353786
      }
    },
    {
      "type": "Feature",
      "id": 76096,
      "geometry": {
        "type": "LineString",
        "coordinates": [
          [
            -76.2980676211754,
            36.8776567750354
          ],
          [
            -76.2991705852577,
            36.8775950224671
          ],
          [
            -76.3006264794488,
            36.8775096429221
          ],
          [
            -76.3006367741419,
            36.8775084673242
          ],
          [
            -76.3006471272255,
            36.8775052236511
          ],
          [
            -76.3006892168899,
            36.877468922385
          ],
          [
            -76.3008138473558,
            36.8775344447279
          ],
          [
            -76.3008239848437,
            36.8775387518986
          ],
          [
            -76.3012437235586,
            36.8776874152476
          ],
          [
            -76.3016501384611,
            36.8778241448889
          ],
          [
            -76.301962584195,
            36.8779296047099
          ],
          [
            -76.3020721732698,
            36.8779651074188
          ],
          [
            -76.3021514163559,
            36.8779914978485
          ],
          [
            -76.3032542151482,
            36.8782896021464
          ],
          [
            -76.3032745691759,
            36.8782954779198
          ],
          [
            -76.303288083431,
            36.8783012250682
          ],
          [
            -76.3033049286392,
            36.8783097818371
          ],
          [
            -76.3033149870755,
            36.8783168367873
          ],
          [
            -76.3033616410797,
            36.8783589221603
          ]
        ]
      },
      "properties": {
        "OBJECTID": 76096,
        "LINKID": "654506",
        "DATA_DATE": 1641013200000,
        "ROUTE_COMMON_NAME": "35Th ST W (PR - City of Norfolk)",
        "ROUTE_NAME": "S-VA122PR 35TH ST W",
        "HTRIS_ID": "43013",
        "ROUTE_ALIAS": "          ",
        "START_LABEL": "Hampton Blvd",
        "END_LABEL": "Killam Ave",
        "ADT": 1100,
        "ADT_QUALITY": "G",
        "PERCENT_4_TIRE": 98.44399,
        "PERCENT_BUS": 0.50385,
        "PERCENT_TRUCK_2_AXLE": 0.60759,
        "PERCENT_TRUCK_3_AXLE": 0.28156,
        "PERCENT_TRUCK_1_TRAIL": 0.16301,
        "PERCENT_TRUCK_2_TRAIL": 0,
        "CLASS_QUALITY_CODE": "F",
        "K_FACTOR": 0.12290000000000001,
        "K_FACTOR_QUALITY_CODE": "F",
        "DIRECTION_FACTOR": 0.65,
        "AAWDT": 1200,
        "AAWDT_QUALITY_CODE": "G",
        "LOC_COMP_DIRECTIONALITY_NAME": "Bidirectional",
        "ROUTE_FROM_MEASURE": 0.87,
        "FROM_JURISDICTION": "City of Norfolk",
        "ROUTE_TO_MEASURE": 1.16,
        "TO_JURISDICTION": "City of Norfolk",
        "PEAK_SINGLE_UNIT_TRUCK": 0.08234,
        "PEAK_COMBINATION_TRUCK": 0,
        "EVENT_SOURCE_ID": 654506,
        "EVENT_LOCATION_ID": 1,
        "EVENT_COMPONENT_ID": 1,
        "MAXIMUMSCALEDENOMINATOR": 200000,
        "ROUTE_COMMON_NAME_ADT": "35Th ST W (PR - City of Norfolk) - ADT 1100",
        "FROM_DISTRICT": "Hampton Roads",
        "TO_DISTRICT": "Hampton Roads",
        "RTE_TYPE_CD": "ST",
        "RTE_ID": 9127827,
        "DATA_CUSTODIAN_EMAIL": null,
        "METADATA_URL": null,
        "Shape__Length": 618.6344054006681
      }
    },
    {
      "type": "Feature",
      "id": 76431,
      "geometry": {
        "type": "LineString",
        "coordinates": [
          [
            -76.2949036217941,
            36.8750932157013
          ],
          [
            -76.2948338747988,
            36.8754923363003
          ],
          [
            -76.2948301755365,
            36.8755018857697
          ],
          [
            -76.2948298988553,
            36.8755114898515
          ],
          [
            -76.2948329773818,
            36.875523224579
          ],
          [
            -76.2948326584799,
            36.8755342062128
          ],
          [
            -76.2949014290065,
            36.8758741143756
          ]
        ]
      },
      "properties": {
        "OBJECTID": 76431,
        "LINKID": "654138",
        "DATA_DATE": 1641013200000,
        "ROUTE_COMMON_NAME": "Colley AVE (PR - City of Norfolk)",
        "ROUTE_NAME": "S-VA122PR COLLEY AVE",
        "HTRIS_ID": "32255",
        "ROUTE_ALIAS": "          ",
        "START_LABEL": "27th St",
        "END_LABEL": "52rd Street",
        "ADT": 12000,
        "ADT_QUALITY": "G",
        "PERCENT_4_TIRE": 99.08147,
        "PERCENT_BUS": 0.13180999999999998,
        "PERCENT_TRUCK_2_AXLE": 0.46956,
        "PERCENT_TRUCK_3_AXLE": 0.19771,
        "PERCENT_TRUCK_1_TRAIL": 0.11943999999999999,
        "PERCENT_TRUCK_2_TRAIL": 0,
        "CLASS_QUALITY_CODE": "C",
        "K_FACTOR": 0.0898,
        "K_FACTOR_QUALITY_CODE": "F",
        "DIRECTION_FACTOR": 0.5307000000000001,
        "AAWDT": 12000,
        "AAWDT_QUALITY_CODE": "G",
        "LOC_COMP_DIRECTIONALITY_NAME": "Master Prime",
        "ROUTE_FROM_MEASURE": 1.48,
        "FROM_JURISDICTION": "City of Norfolk",
        "ROUTE_TO_MEASURE": 1.53,
        "TO_JURISDICTION": "City of Norfolk",
        "PEAK_SINGLE_UNIT_TRUCK": 0.061959999999999994,
        "PEAK_COMBINATION_TRUCK": 0.020649999999999998,
        "EVENT_SOURCE_ID": 654138,
        "EVENT_LOCATION_ID": 1,
        "EVENT_COMPONENT_ID": 1,
        "MAXIMUMSCALEDENOMINATOR": 400000,
        "ROUTE_COMMON_NAME_ADT": "Colley AVE (PR - City of Norfolk) - ADT 12000",
        "FROM_DISTRICT": "Hampton Roads",
        "TO_DISTRICT": "Hampton Roads",
        "RTE_TYPE_CD": "ST",
        "RTE_ID": 9129415,
        "DATA_CUSTODIAN_EMAIL": null,
        "METADATA_URL": null,
        "Shape__Length": 109.92373544984981
      }
    },
    {
      "type": "Feature",
      "id": 67869,
      "geometry": {
        "type": "LineString",
        "coordinates": [
          [
            -76.3038987195336,
            36.8912238330353
          ],
          [
            -76.304080162153,
            36.8912182930552
          ],
          [
            -76.3049428520496,
            36.8911925142885
          ],
          [
            -76.3058569219872,
            36.8911642532612
          ],
          [
            -76.3073120921361,
            36.8911124312922
          ],
          [
            -76.3076337896191,
            36.8911060672387
          ],
          [
            -76.3079518704848,
            36.8911065098056
          ],
          [
            -76.3081228818672,
            36.8911069530908
          ],
          [
            -76.3091064580515,
            36.8911589525212
          ],
          [
            -76.3101955476542,
            36.8912286991076
          ],
          [
            -76.3114178089045,
            36.8913064197158
          ],
          [
            -76.312681088129,
            36.8913848888699
          ],
          [
            -76.3139375653102,
            36.8914625310082
          ],
          [
            -76.3147644474612,
            36.8915156186463
          ],
          [
            -76.3149686183556,
            36.8915287231515
          ],
          [
            -76.3154739018383,
            36.8915611553554
          ]
        ]
      },
      "properties": {
        "OBJECTID": 67869,
        "LINKID": "554021",
        "DATA_DATE": 1641013200000,
        "ROUTE_COMMON_NAME": "Bolling AVE (PR - City of Norfolk)",
        "ROUTE_NAME": "S-VA122PR BOLLING AVE",
        "HTRIS_ID": "40163",
        "ROUTE_ALIAS": "          ",
        "START_LABEL": "Powhatan Ave",
        "END_LABEL": "SR 337 Hampton Blvd",
        "ADT": 1300,
        "ADT_QUALITY": "G",
        "PERCENT_4_TIRE": 98.6631,
        "PERCENT_BUS": 0.34376999999999996,
        "PERCENT_TRUCK_2_AXLE": 0.7257399999999999,
        "PERCENT_TRUCK_3_AXLE": 0.22918,
        "PERCENT_TRUCK_1_TRAIL": 0.038200000000000005,
        "PERCENT_TRUCK_2_TRAIL": 0,
        "CLASS_QUALITY_CODE": "C",
        "K_FACTOR": 0.1033,
        "K_FACTOR_QUALITY_CODE": "F",
        "DIRECTION_FACTOR": 0.5729000000000001,
        "AAWDT": 1400,
        "AAWDT_QUALITY_CODE": "G",
        "LOC_COMP_DIRECTIONALITY_NAME": "Bidirectional",
        "ROUTE_FROM_MEASURE": 0.48,
        "FROM_JURISDICTION": "City of Norfolk",
        "ROUTE_TO_MEASURE": 1.12,
        "TO_JURISDICTION": "City of Norfolk",
        "PEAK_SINGLE_UNIT_TRUCK": 0.15597999999999998,
        "PEAK_COMBINATION_TRUCK": 0.10432999999999999,
        "EVENT_SOURCE_ID": 554021,
        "EVENT_LOCATION_ID": 1,
        "EVENT_COMPONENT_ID": 1,
        "MAXIMUMSCALEDENOMINATOR": 200000,
        "ROUTE_COMMON_NAME_ADT": "Bolling AVE (PR - City of Norfolk) - ADT 1300",
        "FROM_DISTRICT": "Hampton Roads",
        "TO_DISTRICT": "Hampton Roads",
        "RTE_TYPE_CD": "ST",
        "RTE_ID": 9127367,
        "DATA_CUSTODIAN_EMAIL": null,
        "METADATA_URL": null,
        "Shape__Length": 1291.319520144807
      }
    },
    {
      "type": "Feature",
      "id": 75085,
      "geometry": {
        "type": "LineString",
        "coordinates": [
          [
            -76.282012928621,
            36.8807089662684
          ],
          [
            -76.2812473852342,
            36.8809847217444
          ],
          [
            -76.2800490362384,
            36.8810314546495
          ]
        ]
      },
      "properties": {
        "OBJECTID": 75085,
        "LINKID": "781693",
        "DATA_DATE": 1641013200000,
        "ROUTE_COMMON_NAME": "La Valette AVE (PR - City of Norfolk)",
        "ROUTE_NAME": "S-VA122PR LA VALETTE AVE",
        "HTRIS_ID": null,
        "ROUTE_ALIAS": "          ",
        "START_LABEL": "US 460",
        "END_LABEL": "Columbus Ave",
        "ADT": 1300,
        "ADT_QUALITY": "G",
        "PERCENT_4_TIRE": 98.51272999999999,
        "PERCENT_BUS": 0.03914,
        "PERCENT_TRUCK_2_AXLE": 0.93933,
        "PERCENT_TRUCK_3_AXLE": 0.46967,
        "PERCENT_TRUCK_1_TRAIL": 0.03914,
        "PERCENT_TRUCK_2_TRAIL": 0,
        "CLASS_QUALITY_CODE": "C",
        "K_FACTOR": 0.11330000000000001,
        "K_FACTOR_QUALITY_CODE": "F",
        "DIRECTION_FACTOR": 0.5372,
        "AAWDT": 1400,
        "AAWDT_QUALITY_CODE": "G",
        "LOC_COMP_DIRECTIONALITY_NAME": "Bidirectional",
        "ROUTE_FROM_MEASURE": 0,
        "FROM_JURISDICTION": "City of Norfolk",
        "ROUTE_TO_MEASURE": 0.12,
        "TO_JURISDICTION": "City of Norfolk",
        "PEAK_SINGLE_UNIT_TRUCK": 0.14049,
        "PEAK_COMBINATION_TRUCK": 0,
        "EVENT_SOURCE_ID": 781693,
        "EVENT_LOCATION_ID": 1,
        "EVENT_COMPONENT_ID": 1,
        "MAXIMUMSCALEDENOMINATOR": 24000,
        "ROUTE_COMMON_NAME_ADT": "La Valette AVE (PR - City of Norfolk) - ADT 1300",
        "FROM_DISTRICT": "Hampton Roads",
        "TO_DISTRICT": "Hampton Roads",
        "RTE_TYPE_CD": "ST",
        "RTE_ID": 9131347,
        "DATA_CUSTODIAN_EMAIL": null,
        "METADATA_URL": null,
        "Shape__Length": 227.020354921194
      }
    },
    {
      "type": "Feature",
      "id": 66950,
      "geometry": {
        "type": "LineString",
        "coordinates": [
          [
            -76.289823981239,
            36.873615838442
          ],
          [
            -76.2895094298541,
            36.8743180485866
          ],
          [
            -76.2891986028843,
            36.8750093467398
          ],
          [
            -76.2890560384521,
            36.8753246760521
          ],
          [
            -76.2888839140571,
            36.8757156781647
          ],
          [
            -76.2885801334725,
            36.8763995492463
          ],
          [
            -76.2884007435035,
            36.8768048464624
          ],
          [
            -76.2884005243146,
            36.8768123945025
          ],
          [
            -76.2883966633555,
            36.8768274352492
          ],
          [
            -76.2883961423326,
            36.876845281356
          ],
          [
            -76.2883956994632,
            36.8768603882062
          ],
          [
            -76.2884432634608,
            36.8774574567057
          ],
          [
            -76.2885008535554,
            36.878179726465
          ],
          [
            -76.2885485954194,
            36.8787706257978
          ],
          [
            -76.28854831784,
            36.8787802337799
          ],
          [
            -76.2885477177654,
            36.878800822925
          ],
          [
            -76.2885311420518,
            36.878900109621
          ],
          [
            -76.2882666412012,
            36.879643784592
          ],
          [
            -76.2880018717544,
            36.8803963889709
          ],
          [
            -76.2877819021891,
            36.8810200218397
          ],
          [
            -76.2875209056664,
            36.881760328486
          ],
          [
            -76.2872772924429,
            36.8824906583001
          ],
          [
            -76.2870294337812,
            36.8832490762432
          ],
          [
            -76.2868716842274,
            36.8837323837335
          ]
        ]
      },
      "properties": {
        "OBJECTID": 66950,
        "LINKID": "654530",
        "DATA_DATE": 1641013200000,
        "ROUTE_COMMON_NAME": "Colonial AVE (PR - City of Norfolk)",
        "ROUTE_NAME": "S-VA122PR COLONIAL AVE",
        "HTRIS_ID": "2135",
        "ROUTE_ALIAS": "          ",
        "START_LABEL": "27Th St",
        "END_LABEL": "New Hampshire Ave",
        "ADT": 2100,
        "ADT_QUALITY": "G",
        "PERCENT_4_TIRE": 99.0913,
        "PERCENT_BUS": 0.30609,
        "PERCENT_TRUCK_2_AXLE": 0.39696,
        "PERCENT_TRUCK_3_AXLE": 0.09565,
        "PERCENT_TRUCK_1_TRAIL": 0.11478,
        "PERCENT_TRUCK_2_TRAIL": 0.0047799999999999995,
        "CLASS_QUALITY_CODE": "F",
        "K_FACTOR": 0.10940000000000001,
        "K_FACTOR_QUALITY_CODE": "F",
        "DIRECTION_FACTOR": 0.7022,
        "AAWDT": 2300,
        "AAWDT_QUALITY_CODE": "G",
        "LOC_COMP_DIRECTIONALITY_NAME": "Bidirectional",
        "ROUTE_FROM_MEASURE": 1.296,
        "FROM_JURISDICTION": "City of Norfolk",
        "ROUTE_TO_MEASURE": 2.004,
        "TO_JURISDICTION": "City of Norfolk",
        "PEAK_SINGLE_UNIT_TRUCK": 0.05142,
        "PEAK_COMBINATION_TRUCK": 0.02516,
        "EVENT_SOURCE_ID": 654530,
        "EVENT_LOCATION_ID": 1,
        "EVENT_COMPONENT_ID": 1,
        "MAXIMUMSCALEDENOMINATOR": 200000,
        "ROUTE_COMMON_NAME_ADT": "Colonial AVE (PR - City of Norfolk) - ADT 2100",
        "FROM_DISTRICT": "Hampton Roads",
        "TO_DISTRICT": "Hampton Roads",
        "RTE_TYPE_CD": "ST",
        "RTE_ID": 9139357,
        "DATA_CUSTODIAN_EMAIL": null,
        "METADATA_URL": null,
        "Shape__Length": 1460.9592004213355
      }
    },
    {
      "type": "Feature",
      "id": 26638,
      "geometry": {
        "type": "LineString",
        "coordinates": [
          [
            -76.2840043534687,
            36.8671336696196
          ],
          [
            -76.2839682843134,
            36.8672243581339
          ],
          [
            -76.2837623500261,
            36.8678358876073
          ],
          [
            -76.283746841511,
            36.8678835592372
          ],
          [
            -76.2837172644803,
            36.8679744588691
          ],
          [
            -76.2836653930609,
            36.8681115357667
          ],
          [
            -76.2836100990602,
            36.8682485463009
          ],
          [
            -76.2835548221275,
            36.8683848788869
          ],
          [
            -76.283496169326,
            36.8685197674314
          ],
          [
            -76.2834341146044,
            36.8686539025778
          ],
          [
            -76.2833686462848,
            36.8687879749651
          ],
          [
            -76.2832998218594,
            36.8689199256286
          ],
          [
            -76.2832275802425,
            36.8690518099474
          ],
          [
            -76.2830764225263,
            36.8693099551241
          ],
          [
            -76.2830475111472,
            36.8693629848615
          ],
          [
            -76.2830151700003,
            36.8694166354814
          ],
          [
            -76.2829862388583,
            36.8694703485869
          ],
          [
            -76.2829607168228,
            36.8695248104938
          ],
          [
            -76.2829317731043,
            36.8695792141509
          ],
          [
            -76.2829062178311,
            36.8696343666074
          ],
          [
            -76.282884093224,
            36.8696895858589
          ],
          [
            -76.2828585217811,
            36.8697454173635
          ],
          [
            -76.2828363675296,
            36.8698013228485
          ],
          [
            -76.2828176358592,
            36.8698572951273
          ],
          [
            -76.2827988835277,
            36.8699139500845
          ],
          [
            -76.2827762908983,
            36.8699849507205
          ],
          [
            -76.2827575179055,
            36.8700422918946
          ],
          [
            -76.2827421585108,
            36.8700996955483
          ]
        ]
      },
      "properties": {
        "OBJECTID": 26638,
        "LINKID": "654206",
        "DATA_DATE": 1641013200000,
        "ROUTE_COMMON_NAME": "US-460E",
        "ROUTE_NAME": "R-VA   US00460EB",
        "HTRIS_ID": "  US00460     ",
        "ROUTE_ALIAS": "          ",
        "START_LABEL": "21st St",
        "END_LABEL": "Church St",
        "ADT": 14000,
        "ADT_QUALITY": "G",
        "PERCENT_4_TIRE": 95.92778,
        "PERCENT_BUS": 2.01021,
        "PERCENT_TRUCK_2_AXLE": 1.19162,
        "PERCENT_TRUCK_3_AXLE": 0.25386,
        "PERCENT_TRUCK_1_TRAIL": 0.58545,
        "PERCENT_TRUCK_2_TRAIL": 0.03109,
        "CLASS_QUALITY_CODE": "F",
        "K_FACTOR": 0.0917,
        "K_FACTOR_QUALITY_CODE": "F",
        "DIRECTION_FACTOR": 0.5191,
        "AAWDT": 26000,
        "AAWDT_QUALITY_CODE": "G",
        "LOC_COMP_DIRECTIONALITY_NAME": "Master Prime",
        "ROUTE_FROM_MEASURE": 401.27,
        "FROM_JURISDICTION": "City of Norfolk",
        "ROUTE_TO_MEASURE": 401.446,
        "TO_JURISDICTION": "City of Norfolk",
        "PEAK_SINGLE_UNIT_TRUCK": 0.1834,
        "PEAK_COMBINATION_TRUCK": 0.0055000000000000005,
        "EVENT_SOURCE_ID": 654206,
        "EVENT_LOCATION_ID": 1,
        "EVENT_COMPONENT_ID": 1,
        "MAXIMUMSCALEDENOMINATOR": 1600000,
        "ROUTE_COMMON_NAME_ADT": "US-460E - ADT 14000",
        "FROM_DISTRICT": "Hampton Roads",
        "TO_DISTRICT": "Hampton Roads",
        "RTE_TYPE_CD": "US",
        "RTE_ID": 2429646,
        "DATA_CUSTODIAN_EMAIL": null,
        "METADATA_URL": null,
        "Shape__Length": 436.9129183408268
      }
    },
    {
      "type": "Feature",
      "id": 76605,
      "geometry": {
        "type": "MultiLineString",
        "coordinates": [
          [
            [
              -76.2931814355117,
              36.8853875295026
            ],
            [
              -76.2914445312318,
              36.8850169646315
            ]
          ],
          [
            [
              -76.2907379146327,
              36.8848532605808
            ],
            [
              -76.2889402213574,
              36.884456792802
            ],
            [
              -76.28731534418,
              36.88411644215
            ],
            [
              -76.2871013529029,
              36.8840657089827
            ]
          ],
          [
            [
              -76.2864457354591,
              36.8839132391147
            ],
            [
              -76.2843692823748,
              36.883460625273
            ],
            [
              -76.2843047159637,
              36.8834463582468
            ],
            [
              -76.2838358411995,
              36.8833406703678
            ]
          ]
        ]
      },
      "properties": {
        "OBJECTID": 76605,
        "LINKID": "654533",
        "DATA_DATE": 1641013200000,
        "ROUTE_COMMON_NAME": "Delaware AVE (PR - City of Norfolk)",
        "ROUTE_NAME": "S-VA122PR DELAWARE AVE",
        "HTRIS_ID": "7869",
        "ROUTE_ALIAS": "          ",
        "START_LABEL": "Mayflower Rd",
        "END_LABEL": "Llewellyn Ave",
        "ADT": 4100,
        "ADT_QUALITY": "G",
        "PERCENT_4_TIRE": 98.80350999999999,
        "PERCENT_BUS": 0.37889,
        "PERCENT_TRUCK_2_AXLE": 0.49189,
        "PERCENT_TRUCK_3_AXLE": 0.13294,
        "PERCENT_TRUCK_1_TRAIL": 0.19277,
        "PERCENT_TRUCK_2_TRAIL": 0,
        "CLASS_QUALITY_CODE": "F",
        "K_FACTOR": 0.08360000000000001,
        "K_FACTOR_QUALITY_CODE": "F",
        "DIRECTION_FACTOR": 0.5427000000000001,
        "AAWDT": 4300,
        "AAWDT_QUALITY_CODE": "G",
        "LOC_COMP_DIRECTIONALITY_NAME": "Bidirectional",
        "ROUTE_FROM_MEASURE": 0,
        "FROM_JURISDICTION": "City of Norfolk",
        "ROUTE_TO_MEASURE": 0.46,
        "TO_JURISDICTION": "City of Norfolk",
        "PEAK_SINGLE_UNIT_TRUCK": 0.03344,
        "PEAK_COMBINATION_TRUCK": 0.02174,
        "EVENT_SOURCE_ID": 654533,
        "EVENT_LOCATION_ID": 1,
        "EVENT_COMPONENT_ID": 1,
        "MAXIMUMSCALEDENOMINATOR": 200000,
        "ROUTE_COMMON_NAME_ADT": "Delaware AVE (PR - City of Norfolk) - ADT 4100",
        "FROM_DISTRICT": "Hampton Roads",
        "TO_DISTRICT": "Hampton Roads",
        "RTE_TYPE_CD": "ST",
        "RTE_ID": 9137109,
        "DATA_CUSTODIAN_EMAIL": null,
        "METADATA_URL": null,
        "Shape__Length": 920.7874350975699
      }
    },
    {
      "type": "Feature",
      "id": 74682,
      "geometry": {
        "type": "LineString",
        "coordinates": [
          [
            -76.2849249352938,
            36.8783719894023
          ],
          [
            -76.2864183179783,
            36.8782923039819
          ]
        ]
      },
      "properties": {
        "OBJECTID": 74682,
        "LINKID": "654503",
        "DATA_DATE": 1641013200000,
        "ROUTE_COMMON_NAME": "35Th ST W (PR - City of Norfolk)",
        "ROUTE_NAME": "S-VA122PR 35TH ST W",
        "HTRIS_ID": "43013",
        "ROUTE_ALIAS": "          ",
        "START_LABEL": "Debree Ave",
        "END_LABEL": "Llewellyn Ave",
        "ADT": 3100,
        "ADT_QUALITY": "G",
        "PERCENT_4_TIRE": 98.44399,
        "PERCENT_BUS": 0.50385,
        "PERCENT_TRUCK_2_AXLE": 0.60759,
        "PERCENT_TRUCK_3_AXLE": 0.28156,
        "PERCENT_TRUCK_1_TRAIL": 0.16301,
        "PERCENT_TRUCK_2_TRAIL": 0,
        "CLASS_QUALITY_CODE": "F",
        "K_FACTOR": 0.0892,
        "K_FACTOR_QUALITY_CODE": "F",
        "DIRECTION_FACTOR": 0.5292,
        "AAWDT": 3400,
        "AAWDT_QUALITY_CODE": "G",
        "LOC_COMP_DIRECTIONALITY_NAME": "Bidirectional",
        "ROUTE_FROM_MEASURE": 0.15,
        "FROM_JURISDICTION": "City of Norfolk",
        "ROUTE_TO_MEASURE": 0.23,
        "TO_JURISDICTION": "City of Norfolk",
        "PEAK_SINGLE_UNIT_TRUCK": 0.05976,
        "PEAK_COMBINATION_TRUCK": 0,
        "EVENT_SOURCE_ID": 654503,
        "EVENT_LOCATION_ID": 1,
        "EVENT_COMPONENT_ID": 1,
        "MAXIMUMSCALEDENOMINATOR": 200000,
        "ROUTE_COMMON_NAME_ADT": "35Th ST W (PR - City of Norfolk) - ADT 3100",
        "FROM_DISTRICT": "Hampton Roads",
        "TO_DISTRICT": "Hampton Roads",
        "RTE_TYPE_CD": "ST",
        "RTE_ID": 9127827,
        "DATA_CUSTODIAN_EMAIL": null,
        "METADATA_URL": null,
        "Shape__Length": 166.6120549269582
      }
    },
    {
      "type": "Feature",
      "id": 67305,
      "geometry": {
        "type": "LineString",
        "coordinates": [
          [
            -76.3016066132889,
            36.8732106651533
          ],
          [
            -76.3015110837467,
            36.8731840007142
          ],
          [
            -76.301436429255,
            36.8731640611261
          ],
          [
            -76.3013651227844,
            36.8731469306249
          ],
          [
            -76.3013277420888,
            36.8731386715057
          ],
          [
            -76.3012529303919,
            36.8731242264888
          ],
          [
            -76.3009671897748,
            36.8730721687839
          ],
          [
            -76.3009331526086,
            36.8730667316869
          ],
          [
            -76.3008821049443,
            36.8730582116991
          ],
          [
            -76.3008311183654,
            36.873047643636
          ],
          [
            -76.3008073552312,
            36.8730417020641
          ],
          [
            -76.3007564063815,
            36.873029759992
          ],
          [
            -76.3007089411986,
            36.8730158201464
          ],
          [
            -76.3006580884687,
            36.8730004480826
          ],
          [
            -76.3006343864199,
            36.872992445496
          ],
          [
            -76.3005870173566,
            36.8729750749361
          ],
          [
            -76.3005633485455,
            36.8729657026508
          ],
          [
            -76.300516041466,
            36.8729462717912
          ],
          [
            -76.3004721686459,
            36.8729262200357
          ],
          [
            -76.3004249352282,
            36.8729040497716
          ],
          [
            -76.3003811405615,
            36.8728812463932
          ],
          [
            -76.3003408017137,
            36.8728571394233
          ],
          [
            -76.3003172362088,
            36.8728443371288
          ],
          [
            -76.300276962938,
            36.8728181612267
          ],
          [
            -76.3002568370824,
            36.8728047423455
          ],
          [
            -76.3002166015408,
            36.872777201042
          ],
          [
            -76.3001999090462,
            36.8727631490448
          ],
          [
            -76.3001597309968,
            36.8727335517387
          ],
          [
            -76.3001430852146,
            36.8727181257211
          ],
          [
            -76.3000329652355,
            36.872624032408
          ],
          [
            -76.2994289991239,
            36.8721078950895
          ],
          [
            -76.2994022194469,
            36.8720881621864
          ],
          [
            -76.2993720135955,
            36.8720683624454
          ],
          [
            -76.2993383734848,
            36.872049184316
          ],
          [
            -76.2993047207976,
            36.8720307003804
          ],
          [
            -76.299274440386,
            36.8720136486746
          ],
          [
            -76.2992372995406,
            36.8719971553424
          ],
          [
            -76.2992204336711,
            36.871989281286
          ],
          [
            -76.2991866731861,
            36.8719742273698
          ],
          [
            -76.2991494622721,
            36.8719604820811
          ],
          [
            -76.2991156398033,
            36.8719474848868
          ],
          [
            -76.2990783660072,
            36.8719357956024
          ],
          [
            -76.2990580164711,
            36.8719299200583
          ],
          [
            -76.2990207058441,
            36.871919604798
          ],
          [
            -76.2989833619794,
            36.8719099758311
          ],
          [
            -76.2987863326915,
            36.8718650763281
          ],
          [
            -76.2984500366868,
            36.8717880308496
          ],
          [
            -76.2983821024918,
            36.8717723322786
          ],
          [
            -76.2983176268105,
            36.8717553257891
          ],
          [
            -76.298249751006,
            36.8717375704783
          ],
          [
            -76.2981853292237,
            36.8717185029356
          ],
          [
            -76.2981175028265,
            36.8716993786159
          ],
          [
            -76.2980531178751,
            36.8716789377514
          ],
          [
            -76.2979379924833,
            36.8716396944955
          ],
          [
            -76.2978533702852,
            36.8716099436846
          ],
          [
            -76.2977079258542,
            36.8715550147131
          ],
          [
            -76.2964669500015,
            36.8710736265408
          ],
          [
            -76.2963519521705,
            36.8710302543782
          ],
          [
            -76.2961898781269,
            36.8709592245308
          ]
        ]
      },
      "properties": {
        "OBJECTID": 67305,
        "LINKID": "654502",
        "DATA_DATE": 1641013200000,
        "ROUTE_COMMON_NAME": "21St ST (PR - City of Norfolk)",
        "ROUTE_NAME": "S-VA122PR 21ST ST",
        "HTRIS_ID": "15685",
        "ROUTE_ALIAS": "          ",
        "START_LABEL": "SR 337 Hampton Blvd",
        "END_LABEL": "Colley Ave",
        "ADT": 6100,
        "ADT_QUALITY": "G",
        "PERCENT_4_TIRE": 97.71320999999999,
        "PERCENT_BUS": 1.15506,
        "PERCENT_TRUCK_2_AXLE": 0.6592,
        "PERCENT_TRUCK_3_AXLE": 0.37918999999999997,
        "PERCENT_TRUCK_1_TRAIL": 0.09917,
        "PERCENT_TRUCK_2_TRAIL": 0.00583,
        "CLASS_QUALITY_CODE": "F",
        "K_FACTOR": 0.091,
        "K_FACTOR_QUALITY_CODE": "F",
        "DIRECTION_FACTOR": 0.5703,
        "AAWDT": 6600,
        "AAWDT_QUALITY_CODE": "G",
        "LOC_COMP_DIRECTIONALITY_NAME": "Bidirectional",
        "ROUTE_FROM_MEASURE": 0,
        "FROM_JURISDICTION": "City of Norfolk",
        "ROUTE_TO_MEASURE": 0.35000000000000003,
        "TO_JURISDICTION": "City of Norfolk",
        "PEAK_SINGLE_UNIT_TRUCK": 0.01456,
        "PEAK_COMBINATION_TRUCK": 0.01456,
        "EVENT_SOURCE_ID": 654502,
        "EVENT_LOCATION_ID": 1,
        "EVENT_COMPONENT_ID": 1,
        "MAXIMUMSCALEDENOMINATOR": 200000,
        "ROUTE_COMMON_NAME_ADT": "21St ST (PR - City of Norfolk) - ADT 6100",
        "FROM_DISTRICT": "Hampton Roads",
        "TO_DISTRICT": "Hampton Roads",
        "RTE_TYPE_CD": "ST",
        "RTE_ID": 9133767,
        "DATA_CUSTODIAN_EMAIL": null,
        "METADATA_URL": null,
        "Shape__Length": 692.1741425959268
      }
    },
    {
      "type": "Feature",
      "id": 76514,
      "geometry": {
        "type": "LineString",
        "coordinates": [
          [
            -76.2802915822634,
            36.8708769406686
          ],
          [
            -76.280494417363,
            36.8716575906818
          ],
          [
            -76.2805066443323,
            36.8717053447258
          ],
          [
            -76.2806026409986,
            36.8720802629872
          ],
          [
            -76.2806877563717,
            36.872412652419
          ],
          [
            -76.2807001405462,
            36.87245684447
          ],
          [
            -76.280709425533,
            36.8724899926235
          ],
          [
            -76.2807279631672,
            36.8725576492489
          ],
          [
            -76.2809820696116,
            36.8735941979991
          ],
          [
            -76.2809845732163,
            36.8736044347041
          ]
        ]
      },
      "properties": {
        "OBJECTID": 76514,
        "LINKID": "654296",
        "DATA_DATE": 1641013200000,
        "ROUTE_COMMON_NAME": "Church ST (PR - City of Norfolk)",
        "ROUTE_NAME": "S-VA122PR CHURCH ST",
        "HTRIS_ID": "18700",
        "ROUTE_ALIAS": "          ",
        "START_LABEL": "27th St",
        "END_LABEL": "US 460 Granby St; Monticello Ave",
        "ADT": 11000,
        "ADT_QUALITY": "G",
        "PERCENT_4_TIRE": 97.14975,
        "PERCENT_BUS": 0.5544899999999999,
        "PERCENT_TRUCK_2_AXLE": 1.11696,
        "PERCENT_TRUCK_3_AXLE": 0.6203099999999999,
        "PERCENT_TRUCK_1_TRAIL": 0.55848,
        "PERCENT_TRUCK_2_TRAIL": 0,
        "CLASS_QUALITY_CODE": "F",
        "K_FACTOR": 0.0821,
        "K_FACTOR_QUALITY_CODE": "F",
        "DIRECTION_FACTOR": 0.5647,
        "AAWDT": 12000,
        "AAWDT_QUALITY_CODE": "G",
        "LOC_COMP_DIRECTIONALITY_NAME": "Master Prime",
        "ROUTE_FROM_MEASURE": 1.224,
        "FROM_JURISDICTION": "City of Norfolk",
        "ROUTE_TO_MEASURE": 1.41,
        "TO_JURISDICTION": "City of Norfolk",
        "PEAK_SINGLE_UNIT_TRUCK": 0.14532,
        "PEAK_COMBINATION_TRUCK": 0.04351,
        "EVENT_SOURCE_ID": 654296,
        "EVENT_LOCATION_ID": 1,
        "EVENT_COMPONENT_ID": 1,
        "MAXIMUMSCALEDENOMINATOR": 400000,
        "ROUTE_COMMON_NAME_ADT": "Church ST (PR - City of Norfolk) - ADT 11000",
        "FROM_DISTRICT": "Hampton Roads",
        "TO_DISTRICT": "Hampton Roads",
        "RTE_TYPE_CD": "ST",
        "RTE_ID": 9133075,
        "DATA_CUSTODIAN_EMAIL": null,
        "METADATA_URL": null,
        "Shape__Length": 387.30927182449255
      }
    },
    {
      "type": "Feature",
      "id": 90339,
      "geometry": {
        "type": "LineString",
        "coordinates": [
          [
            -76.3101254952317,
            36.9176919213124
          ],
          [
            -76.3102354939383,
            36.9177928753617
          ],
          [
            -76.3108419223321,
            36.9183570729182
          ],
          [
            -76.3117417575656,
            36.9191884155709
          ],
          [
            -76.3117783693034,
            36.9192241246019
          ],
          [
            -76.3118016733985,
            36.9192465392442
          ],
          [
            -76.313104816262,
            36.9204500852611
          ],
          [
            -76.3133714560013,
            36.9206961270695
          ],
          [
            -76.3134581101885,
            36.9207760404116
          ],
          [
            -76.3152909617273,
            36.922479127058
          ],
          [
            -76.3154671204562,
            36.9226596055151
          ],
          [
            -76.3155700314552,
            36.9227693482271
          ],
          [
            -76.3156694839403,
            36.9228804028477
          ],
          [
            -76.3157654518604,
            36.9229934552067
          ],
          [
            -76.3158614152889,
            36.9231071910781
          ],
          [
            -76.3159538914575,
            36.9232229218014
          ],
          [
            -76.3160923505889,
            36.9234054480939
          ],
          [
            -76.3161779034416,
            36.9235237974482
          ],
          [
            -76.3162600013738,
            36.9236434586722
          ],
          [
            -76.316342062475,
            36.9237644935201
          ],
          [
            -76.3164172586508,
            36.923886086892
          ],
          [
            -76.316492401826,
            36.9240097411399
          ],
          [
            -76.3165675476961,
            36.9241333908785
          ],
          [
            -76.3166877386879,
            36.924356095631
          ],
          [
            -76.3167168773407,
            36.9244136444447
          ],
          [
            -76.3167525368643,
            36.924482302817
          ],
          [
            -76.3168138594588,
            36.9246105083699
          ],
          [
            -76.3168751811551,
            36.9247387101166
          ],
          [
            -76.31692329582,
            36.9248501862865
          ],
          [
            -76.316964851885,
            36.9249519229608
          ],
          [
            -76.3170064034585,
            36.9250536587813
          ],
          [
            -76.3170572939177,
            36.9251878518745
          ],
          [
            -76.3171239165724,
            36.9253697249916
          ],
          [
            -76.3171865632837,
            36.9255707559003
          ],
          [
            -76.3171990345948,
            36.925612882723
          ],
          [
            -76.3172116092121,
            36.9256515840548
          ],
          [
            -76.3172270889811,
            36.9257081846813
          ],
          [
            -76.3172642010804,
            36.9258455600732
          ],
          [
            -76.3173009897863,
            36.9259939124645
          ],
          [
            -76.3173312252821,
            36.9261318417325
          ],
          [
            -76.3173640128917,
            36.9263007260934
          ],
          [
            -76.3173901062557,
            36.9264355934607
          ],
          [
            -76.3173908213147,
            36.9264392766981
          ],
          [
            -76.3174135918105,
            36.926599040992
          ],
          [
            -76.3174270153358,
            36.9267270440669
          ],
          [
            -76.3174433556908,
            36.9268847230677
          ],
          [
            -76.3175100232613,
            36.9275280601793
          ],
          [
            -76.3175995287013,
            36.9283415606978
          ],
          [
            -76.3176451721009,
            36.9287764930521
          ],
          [
            -76.3176788041268,
            36.9291535007333
          ],
          [
            -76.3177324012099,
            36.9299065762705
          ],
          [
            -76.3177932351209,
            36.9306460554164
          ],
          [
            -76.317860006896,
            36.9314172382209
          ],
          [
            -76.3179267005176,
            36.9320723435388
          ],
          [
            -76.3180518151755,
            36.9335506767572
          ],
          [
            -76.3180892704312,
            36.9340328427893
          ],
          [
            -76.3182027204651,
            36.9353220742318
          ],
          [
            -76.3183049783888,
            36.9365252437007
          ],
          [
            -76.3183620842914,
            36.9370379958109
          ],
          [
            -76.3183870017608,
            36.937361273639
          ],
          [
            -76.318415275336,
            36.9376866746992
          ],
          [
            -76.3185165064854,
            36.9389255367961
          ],
          [
            -76.3186195378586,
            36.9401019386677
          ],
          [
            -76.3188096537121,
            36.9422957810962
          ],
          [
            -76.318886918708,
            36.9431770827503
          ],
          [
            -76.3188869474541,
            36.9431773850124
          ],
          [
            -76.3189039866984,
            36.9433717378737
          ],
          [
            -76.3189384918868,
            36.9437652509833
          ]
        ]
      },
      "properties": {
        "OBJECTID": 90339,
        "LINKID": "654165",
        "DATA_DATE": 1641013200000,
        "ROUTE_COMMON_NAME": "VA-337E",
        "ROUTE_NAME": "R-VA   SR00337EB",
        "HTRIS_ID": "  SR00337     ",
        "ROUTE_ALIAS": "          ",
        "START_LABEL": "SR 406 Terminal Blvd",
        "END_LABEL": "Admiral Taussig Blvd",
        "ADT": 24000,
        "ADT_QUALITY": "G",
        "PERCENT_4_TIRE": 94.07758,
        "PERCENT_BUS": 0.37485999999999997,
        "PERCENT_TRUCK_2_AXLE": 0.42493,
        "PERCENT_TRUCK_3_AXLE": 0.49068,
        "PERCENT_TRUCK_1_TRAIL": 4.6347499999999995,
        "PERCENT_TRUCK_2_TRAIL": 3.9999999999999996e-05,
        "CLASS_QUALITY_CODE": "F",
        "K_FACTOR": 0.0927,
        "K_FACTOR_QUALITY_CODE": "F",
        "DIRECTION_FACTOR": 0.5197,
        "AAWDT": 28000,
        "AAWDT_QUALITY_CODE": "G",
        "LOC_COMP_DIRECTIONALITY_NAME": "Master Prime",
        "ROUTE_FROM_MEASURE": 33,
        "FROM_JURISDICTION": "City of Norfolk",
        "ROUTE_TO_MEASURE": 34.94,
        "TO_JURISDICTION": "City of Norfolk",
        "PEAK_SINGLE_UNIT_TRUCK": 0.10382,
        "PEAK_COMBINATION_TRUCK": 0.1854,
        "EVENT_SOURCE_ID": 654165,
        "EVENT_LOCATION_ID": 1,
        "EVENT_COMPONENT_ID": 1,
        "MAXIMUMSCALEDENOMINATOR": 1600000,
        "ROUTE_COMMON_NAME_ADT": "VA-337E - ADT 24000",
        "FROM_DISTRICT": "Hampton Roads",
        "TO_DISTRICT": "Hampton Roads",
        "RTE_TYPE_CD": "SR",
        "RTE_ID": 2133369,
        "DATA_CUSTODIAN_EMAIL": null,
        "METADATA_URL": null,
        "Shape__Length": 3905.972892618192
      }
    },
    {
      "type": "Feature",
      "id": 56574,
      "geometry": {
        "type": "LineString",
        "coordinates": [
          [
            -76.2800846688125,
            36.8699826869685
          ],
          [
            -76.2801209104443,
            36.8700488172442
          ],
          [
            -76.2803317019224,
            36.8704408661239
          ],
          [
            -76.2804077712606,
            36.8706456084132
          ],
          [
            -76.2804362891776,
            36.8707230725764
          ],
          [
            -76.280468888141,
            36.8708408144757
          ]
        ]
      },
      "properties": {
        "OBJECTID": 56574,
        "LINKID": "654524",
        "DATA_DATE": 1641013200000,
        "ROUTE_COMMON_NAME": "Church ST (NP - City of Norfolk)",
        "ROUTE_NAME": "S-VA122NP CHURCH ST",
        "HTRIS_ID": "18700",
        "ROUTE_ALIAS": "          ",
        "START_LABEL": "SR 247 Lafayette Blvd; 26th Street",
        "END_LABEL": "27th St",
        "ADT": 16000,
        "ADT_QUALITY": "G",
        "PERCENT_4_TIRE": 97.14975,
        "PERCENT_BUS": 0.5544899999999999,
        "PERCENT_TRUCK_2_AXLE": 1.11696,
        "PERCENT_TRUCK_3_AXLE": 0.6203099999999999,
        "PERCENT_TRUCK_1_TRAIL": 0.55848,
        "PERCENT_TRUCK_2_TRAIL": 0,
        "CLASS_QUALITY_CODE": "F",
        "K_FACTOR": 0.0864,
        "K_FACTOR_QUALITY_CODE": "F",
        "DIRECTION_FACTOR": 0.5243,
        "AAWDT": 17000,
        "AAWDT_QUALITY_CODE": "G",
        "LOC_COMP_DIRECTIONALITY_NAME": "Master Non-Prime",
        "ROUTE_FROM_MEASURE": 1.161,
        "FROM_JURISDICTION": "City of Norfolk",
        "ROUTE_TO_MEASURE": 1.224,
        "TO_JURISDICTION": "City of Norfolk",
        "PEAK_SINGLE_UNIT_TRUCK": 0.15292999999999998,
        "PEAK_COMBINATION_TRUCK": 0.04579,
        "EVENT_SOURCE_ID": 654524,
        "EVENT_LOCATION_ID": 1,
        "EVENT_COMPONENT_ID": 2,
        "MAXIMUMSCALEDENOMINATOR": 400000,
        "ROUTE_COMMON_NAME_ADT": "Church ST (NP - City of Norfolk) - ADT 16000",
        "FROM_DISTRICT": "Hampton Roads",
        "TO_DISTRICT": "Hampton Roads",
        "RTE_TYPE_CD": "ST",
        "RTE_ID": 9133076,
        "DATA_CUSTODIAN_EMAIL": null,
        "METADATA_URL": null,
        "Shape__Length": 127.17342509639941
      }
    },
    {
      "type": "Feature",
      "id": 89967,
      "geometry": {
        "type": "LineString",
        "coordinates": [
          [
            -76.301589275804,
            36.8729299439438
          ],
          [
            -76.3016066132889,
            36.8732106651533
          ]
        ]
      },
      "properties": {
        "OBJECTID": 89967,
        "LINKID": "654160",
        "DATA_DATE": 1641013200000,
        "ROUTE_COMMON_NAME": "VA-337E",
        "ROUTE_NAME": "R-VA   SR00337EB",
        "HTRIS_ID": "  SR00337     ",
        "ROUTE_ALIAS": "          ",
        "START_LABEL": "US 58 Brambleton Ave",
        "END_LABEL": "21st Street",
        "ADT": 29000,
        "ADT_QUALITY": "G",
        "PERCENT_4_TIRE": 94.07758,
        "PERCENT_BUS": 0.37485999999999997,
        "PERCENT_TRUCK_2_AXLE": 0.42493,
        "PERCENT_TRUCK_3_AXLE": 0.49068,
        "PERCENT_TRUCK_1_TRAIL": 4.6347499999999995,
        "PERCENT_TRUCK_2_TRAIL": 3.9999999999999996e-05,
        "CLASS_QUALITY_CODE": "F",
        "K_FACTOR": 0.0801,
        "K_FACTOR_QUALITY_CODE": "F",
        "DIRECTION_FACTOR": 0.5833,
        "AAWDT": 33000,
        "AAWDT_QUALITY_CODE": "G",
        "LOC_COMP_DIRECTIONALITY_NAME": "Master Prime",
        "ROUTE_FROM_MEASURE": 29.797,
        "FROM_JURISDICTION": "City of Norfolk",
        "ROUTE_TO_MEASURE": 29.82,
        "TO_JURISDICTION": "City of Norfolk",
        "PEAK_SINGLE_UNIT_TRUCK": 0.08971,
        "PEAK_COMBINATION_TRUCK": 0.1602,
        "EVENT_SOURCE_ID": 654160,
        "EVENT_LOCATION_ID": 1,
        "EVENT_COMPONENT_ID": 3,
        "MAXIMUMSCALEDENOMINATOR": 1600000,
        "ROUTE_COMMON_NAME_ADT": "VA-337E - ADT 29000",
        "FROM_DISTRICT": "Hampton Roads",
        "TO_DISTRICT": "Hampton Roads",
        "RTE_TYPE_CD": "SR",
        "RTE_ID": 2133369,
        "DATA_CUSTODIAN_EMAIL": null,
        "METADATA_URL": null,
        "Shape__Length": 39.111448073573555
      }
    },
    {
      "type": "Feature",
      "id": 76677,
      "geometry": {
        "type": "LineString",
        "coordinates": [
          [
            -76.282012928621,
            36.8807089662684
          ],
          [
            -76.2821414281308,
            36.8806908178359
          ],
          [
            -76.2832244603935,
            36.8806222917823
          ],
          [
            -76.2850496780491,
            36.8805406362845
          ]
        ]
      },
      "properties": {
        "OBJECTID": 76677,
        "LINKID": "554029",
        "DATA_DATE": 1641013200000,
        "ROUTE_COMMON_NAME": "38Th ST (PR - City of Norfolk)",
        "ROUTE_NAME": "S-VA122PR 38TH ST",
        "HTRIS_ID": "21350",
        "ROUTE_ALIAS": "          ",
        "START_LABEL": "Llewellyn Ave",
        "END_LABEL": "US 460 Granby St",
        "ADT": 4200,
        "ADT_QUALITY": "G",
        "PERCENT_4_TIRE": 99.0913,
        "PERCENT_BUS": 0.30609,
        "PERCENT_TRUCK_2_AXLE": 0.39696,
        "PERCENT_TRUCK_3_AXLE": 0.09565,
        "PERCENT_TRUCK_1_TRAIL": 0.11478,
        "PERCENT_TRUCK_2_TRAIL": 0.0047799999999999995,
        "CLASS_QUALITY_CODE": "F",
        "K_FACTOR": 0.0864,
        "K_FACTOR_QUALITY_CODE": "F",
        "DIRECTION_FACTOR": 0.6990000000000001,
        "AAWDT": 7600,
        "AAWDT_QUALITY_CODE": "G",
        "LOC_COMP_DIRECTIONALITY_NAME": "Bidirectional",
        "ROUTE_FROM_MEASURE": 0,
        "FROM_JURISDICTION": "City of Norfolk",
        "ROUTE_TO_MEASURE": 0.17,
        "TO_JURISDICTION": "City of Norfolk",
        "PEAK_SINGLE_UNIT_TRUCK": 0.04061,
        "PEAK_COMBINATION_TRUCK": 0.01987,
        "EVENT_SOURCE_ID": 554029,
        "EVENT_LOCATION_ID": 1,
        "EVENT_COMPONENT_ID": 1,
        "MAXIMUMSCALEDENOMINATOR": 200000,
        "ROUTE_COMMON_NAME_ADT": "38Th ST (PR - City of Norfolk) - ADT 4200",
        "FROM_DISTRICT": "Hampton Roads",
        "TO_DISTRICT": "Hampton Roads",
        "RTE_TYPE_CD": "ST",
        "RTE_ID": 9132789,
        "DATA_CUSTODIAN_EMAIL": null,
        "METADATA_URL": null,
        "Shape__Length": 338.96480317474595
      }
    },
    {
      "type": "Feature",
      "id": 7131,
      "geometry": {
        "type": "LineString",
        "coordinates": [
          [
            -76.2951308165092,
            36.8751592926879
          ],
          [
            -76.2950687743641,
            36.8755290215194
          ],
          [
            -76.2950648882522,
            36.8755447451879
          ],
          [
            -76.2950575813557,
            36.8755610983459
          ],
          [
            -76.2949014290065,
            36.8758741143756
          ]
        ]
      },
      "properties": {
        "OBJECTID": 7131,
        "LINKID": "654138",
        "DATA_DATE": 1641013200000,
        "ROUTE_COMMON_NAME": "Colley AVE (NP - City of Norfolk)",
        "ROUTE_NAME": "S-VA122NP COLLEY AVE",
        "HTRIS_ID": "32255",
        "ROUTE_ALIAS": "          ",
        "START_LABEL": "27th St",
        "END_LABEL": "52rd Street",
        "ADT": 12000,
        "ADT_QUALITY": "G",
        "PERCENT_4_TIRE": 99.08147,
        "PERCENT_BUS": 0.13180999999999998,
        "PERCENT_TRUCK_2_AXLE": 0.46956,
        "PERCENT_TRUCK_3_AXLE": 0.19771,
        "PERCENT_TRUCK_1_TRAIL": 0.11943999999999999,
        "PERCENT_TRUCK_2_TRAIL": 0,
        "CLASS_QUALITY_CODE": "C",
        "K_FACTOR": 0.0898,
        "K_FACTOR_QUALITY_CODE": "F",
        "DIRECTION_FACTOR": 0.5307000000000001,
        "AAWDT": 12000,
        "AAWDT_QUALITY_CODE": "G",
        "LOC_COMP_DIRECTIONALITY_NAME": "Master Non-Prime",
        "ROUTE_FROM_MEASURE": 1.48,
        "FROM_JURISDICTION": "City of Norfolk",
        "ROUTE_TO_MEASURE": 1.53,
        "TO_JURISDICTION": "City of Norfolk",
        "PEAK_SINGLE_UNIT_TRUCK": 0.061959999999999994,
        "PEAK_COMBINATION_TRUCK": 0.020649999999999998,
        "EVENT_SOURCE_ID": 654138,
        "EVENT_LOCATION_ID": 1,
        "EVENT_COMPONENT_ID": 3,
        "MAXIMUMSCALEDENOMINATOR": 400000,
        "ROUTE_COMMON_NAME_ADT": "Colley AVE (NP - City of Norfolk) - ADT 12000",
        "FROM_DISTRICT": "Hampton Roads",
        "TO_DISTRICT": "Hampton Roads",
        "RTE_TYPE_CD": "ST",
        "RTE_ID": 9129416,
        "DATA_CUSTODIAN_EMAIL": null,
        "METADATA_URL": null,
        "Shape__Length": 103.45944599422175
      }
    },
    {
      "type": "Feature",
      "id": 67684,
      "geometry": {
        "type": "LineString",
        "coordinates": [
          [
            -76.312681088129,
            36.8913848888699
          ],
          [
            -76.3125401343761,
            36.8929510012184
          ],
          [
            -76.3125362033484,
            36.8929687860823
          ],
          [
            -76.3125324672551,
            36.8929797055772
          ],
          [
            -76.3125321690145,
            36.8929900043427
          ],
          [
            -76.3125316354152,
            36.8930085378065
          ],
          [
            -76.3125346555512,
            36.8930223288789
          ],
          [
            -76.3125376559242,
            36.8930368067722
          ],
          [
            -76.3125406805518,
            36.8930506028686
          ],
          [
            -76.3125664469291,
            36.8931060243123
          ],
          [
            -76.3125950142534,
            36.8931827968327
          ],
          [
            -76.3125978196921,
            36.893204143633
          ],
          [
            -76.3126004059418,
            36.8932330425918
          ],
          [
            -76.3126029706319,
            36.8932626233319
          ],
          [
            -76.312602138792,
            36.8932914518622
          ],
          [
            -76.3123680800497,
            36.8951202649558
          ],
          [
            -76.3122963639473,
            36.8957089210664
          ],
          [
            -76.3122223966669,
            36.8962570058001
          ],
          [
            -76.3122179688708,
            36.8962919619029
          ],
          [
            -76.3122169385032,
            36.8963276593822
          ],
          [
            -76.3122164219719,
            36.8963455052419
          ],
          [
            -76.3122154122655,
            36.8963805151845
          ],
          [
            -76.3122198517396,
            36.8964636975883
          ],
          [
            -76.3122376527553,
            36.8965581343779
          ],
          [
            -76.312267614265,
            36.8968238066374
          ],
          [
            -76.3123160514251,
            36.8972787083646
          ],
          [
            -76.3124707350288,
            36.8987025301275
          ],
          [
            -76.312484497219,
            36.8988292043283
          ],
          [
            -76.3124971463965,
            36.8989456011914
          ],
          [
            -76.312608259014,
            36.8999552573459
          ],
          [
            -76.3126703882957,
            36.9005029207942
          ],
          [
            -76.3126846095249,
            36.900628403834
          ],
          [
            -76.3127167521441,
            36.9009373941376
          ],
          [
            -76.3127891599493,
            36.9016290152029
          ],
          [
            -76.3128577975252,
            36.9022141004862
          ],
          [
            -76.3128965355752,
            36.90253145309
          ]
        ]
      },
      "properties": {
        "OBJECTID": 67684,
        "LINKID": "654573",
        "DATA_DATE": 1641013200000,
        "ROUTE_COMMON_NAME": "Powhatan AVE (PR - City of Norfolk)",
        "ROUTE_NAME": "S-VA122PR POWHATAN AVE",
        "HTRIS_ID": "15878",
        "ROUTE_ALIAS": "          ",
        "START_LABEL": "Dead End",
        "END_LABEL": "Bolling Ave",
        "ADT": 1400,
        "ADT_QUALITY": "G",
        "PERCENT_4_TIRE": 97.47134,
        "PERCENT_BUS": 1.3149,
        "PERCENT_TRUCK_2_AXLE": 0.74174,
        "PERCENT_TRUCK_3_AXLE": 0.26972,
        "PERCENT_TRUCK_1_TRAIL": 0.20229,
        "PERCENT_TRUCK_2_TRAIL": 0,
        "CLASS_QUALITY_CODE": "C",
        "K_FACTOR": 0.10650000000000001,
        "K_FACTOR_QUALITY_CODE": "F",
        "DIRECTION_FACTOR": 0.5909,
        "AAWDT": 2600,
        "AAWDT_QUALITY_CODE": "G",
        "LOC_COMP_DIRECTIONALITY_NAME": "Bidirectional",
        "ROUTE_FROM_MEASURE": 0.92,
        "FROM_JURISDICTION": "City of Norfolk",
        "ROUTE_TO_MEASURE": 1.7,
        "TO_JURISDICTION": "City of Norfolk",
        "PEAK_SINGLE_UNIT_TRUCK": 0,
        "PEAK_COMBINATION_TRUCK": 0,
        "EVENT_SOURCE_ID": 654573,
        "EVENT_LOCATION_ID": 1,
        "EVENT_COMPONENT_ID": 1,
        "MAXIMUMSCALEDENOMINATOR": 200000,
        "ROUTE_COMMON_NAME_ADT": "Powhatan AVE (PR - City of Norfolk) - ADT 1400",
        "FROM_DISTRICT": "Hampton Roads",
        "TO_DISTRICT": "Hampton Roads",
        "RTE_TYPE_CD": "ST",
        "RTE_ID": 9134297,
        "DATA_CUSTODIAN_EMAIL": null,
        "METADATA_URL": null,
        "Shape__Length": 1558.9316299357722
      }
    },
    {
      "type": "Feature",
      "id": 90807,
      "geometry": {
        "type": "LineString",
        "coordinates": [
          [
            -76.3018883474199,
            36.8763344240295
          ],
          [
            -76.3019340330403,
            36.8771339177523
          ],
          [
            -76.301962584195,
            36.8779296003984
          ],
          [
            -76.3020025511403,
            36.8789137480315
          ],
          [
            -76.3020444458702,
            36.8796485220614
          ],
          [
            -76.3020977411194,
            36.8805222772762
          ],
          [
            -76.3021358009413,
            36.8812456231729
          ],
          [
            -76.302177692078,
            36.8819594638546
          ],
          [
            -76.3022016411635,
            36.8822762504035
          ],
          [
            -76.3021988321316,
            36.8823730371095
          ],
          [
            -76.3022026176322,
            36.8824781953313
          ],
          [
            -76.3022062710805,
            36.8825881575189
          ],
          [
            -76.3022176383621,
            36.8826680461125
          ],
          [
            -76.3022585943525,
            36.8833790072994
          ],
          [
            -76.3023365043388,
            36.8848207587056
          ],
          [
            -76.3023572724898,
            36.8855203489035
          ],
          [
            -76.3023875322402,
            36.8862462189599
          ],
          [
            -76.3024514572541,
            36.8869905760862
          ],
          [
            -76.3025597886875,
            36.8877371309839
          ]
        ]
      },
      "properties": {
        "OBJECTID": 90807,
        "LINKID": "654162",
        "DATA_DATE": 1641013200000,
        "ROUTE_COMMON_NAME": "VA-337E",
        "ROUTE_NAME": "R-VA   SR00337EB",
        "HTRIS_ID": "  SR00337     ",
        "ROUTE_ALIAS": "          ",
        "START_LABEL": "SR 247, 26th St",
        "END_LABEL": "49th St, Old Dominion University",
        "ADT": 24000,
        "ADT_QUALITY": "G",
        "PERCENT_4_TIRE": 94.07758,
        "PERCENT_BUS": 0.37485999999999997,
        "PERCENT_TRUCK_2_AXLE": 0.42493,
        "PERCENT_TRUCK_3_AXLE": 0.49068,
        "PERCENT_TRUCK_1_TRAIL": 4.6347499999999995,
        "PERCENT_TRUCK_2_TRAIL": 3.9999999999999996e-05,
        "CLASS_QUALITY_CODE": "F",
        "K_FACTOR": 0.08120000000000001,
        "K_FACTOR_QUALITY_CODE": "F",
        "DIRECTION_FACTOR": 0.7139,
        "AAWDT": 28000,
        "AAWDT_QUALITY_CODE": "G",
        "LOC_COMP_DIRECTIONALITY_NAME": "Master Prime",
        "ROUTE_FROM_MEASURE": 30.04,
        "FROM_JURISDICTION": "City of Norfolk",
        "ROUTE_TO_MEASURE": 30.75,
        "TO_JURISDICTION": "City of Norfolk",
        "PEAK_SINGLE_UNIT_TRUCK": 0.09094,
        "PEAK_COMBINATION_TRUCK": 0.16240000000000002,
        "EVENT_SOURCE_ID": 654162,
        "EVENT_LOCATION_ID": 1,
        "EVENT_COMPONENT_ID": 1,
        "MAXIMUMSCALEDENOMINATOR": 1600000,
        "ROUTE_COMMON_NAME_ADT": "VA-337E - ADT 24000",
        "FROM_DISTRICT": "Hampton Roads",
        "TO_DISTRICT": "Hampton Roads",
        "RTE_TYPE_CD": "SR",
        "RTE_ID": 2133369,
        "DATA_CUSTODIAN_EMAIL": null,
        "METADATA_URL": null,
        "Shape__Length": 1589.0999692465796
      }
    },
    {
      "type": "Feature",
      "id": 62700,
      "geometry": {
        "type": "LineString",
        "coordinates": [
          [
            -76.301589275804,
            36.8729299439438
          ],
          [
            -76.3016805805694,
            36.8731083413506
          ],
          [
            -76.3017038720881,
            36.8732202278431
          ]
        ]
      },
      "properties": {
        "OBJECTID": 62700,
        "LINKID": "654160",
        "DATA_DATE": 1641013200000,
        "ROUTE_COMMON_NAME": "VA-337W",
        "ROUTE_NAME": "R-VA   SR00337WB",
        "HTRIS_ID": "  SR00337W    ",
        "ROUTE_ALIAS": "          ",
        "START_LABEL": "US 58 Brambleton Ave",
        "END_LABEL": "21st Street",
        "ADT": 29000,
        "ADT_QUALITY": "G",
        "PERCENT_4_TIRE": 94.07758,
        "PERCENT_BUS": 0.37485999999999997,
        "PERCENT_TRUCK_2_AXLE": 0.42493,
        "PERCENT_TRUCK_3_AXLE": 0.49068,
        "PERCENT_TRUCK_1_TRAIL": 4.6347499999999995,
        "PERCENT_TRUCK_2_TRAIL": 3.9999999999999996e-05,
        "CLASS_QUALITY_CODE": "F",
        "K_FACTOR": 0.0801,
        "K_FACTOR_QUALITY_CODE": "F",
        "DIRECTION_FACTOR": 0.5833,
        "AAWDT": 33000,
        "AAWDT_QUALITY_CODE": "G",
        "LOC_COMP_DIRECTIONALITY_NAME": "Master Non-Prime",
        "ROUTE_FROM_MEASURE": 29.797,
        "FROM_JURISDICTION": "City of Norfolk",
        "ROUTE_TO_MEASURE": 29.82,
        "TO_JURISDICTION": "City of Norfolk",
        "PEAK_SINGLE_UNIT_TRUCK": 0.08971,
        "PEAK_COMBINATION_TRUCK": 0.1602,
        "EVENT_SOURCE_ID": 654160,
        "EVENT_LOCATION_ID": 1,
        "EVENT_COMPONENT_ID": 5,
        "MAXIMUMSCALEDENOMINATOR": 1600000,
        "ROUTE_COMMON_NAME_ADT": "VA-337W - ADT 29000",
        "FROM_DISTRICT": "Hampton Roads",
        "TO_DISTRICT": "Hampton Roads",
        "RTE_TYPE_CD": "SR",
        "RTE_ID": 2402080,
        "DATA_CUSTODIAN_EMAIL": null,
        "METADATA_URL": null,
        "Shape__Length": 42.609048658678084
      }
    },
    {
      "type": "Feature",
      "id": 67060,
      "geometry": {
        "type": "LineString",
        "coordinates": [
          [
            -76.2839757861444,
            36.8992643071595
          ],
          [
            -76.2839193216389,
            36.8993236844945
          ],
          [
            -76.2838839684408,
            36.8993628524619
          ],
          [
            -76.2838486107513,
            36.8994020254378
          ],
          [
            -76.2838166621682,
            36.8994419469395
          ],
          [
            -76.2837812640544,
            36.8994824890954
          ],
          [
            -76.2837492912168,
            36.8995230973201
          ],
          [
            -76.2837207194009,
            36.8995644547862
          ],
          [
            -76.2836887052408,
            36.8996064364957
          ],
          [
            -76.2836601046788,
            36.8996484770888
          ],
          [
            -76.2836314915403,
            36.8996912080139
          ],
          [
            -76.2836028748087,
            36.8997339389152
          ],
          [
            -76.2835776590986,
            36.899777427674
          ],
          [
            -76.283549025299,
            36.8998208409791
          ],
          [
            -76.2835272070173,
            36.8998650746383
          ],
          [
            -76.2835019454932,
            36.8999099325352
          ],
          [
            -76.28348012272,
            36.8999541611142
          ],
          [
            -76.2834582712007,
            36.8999997682176
          ],
          [
            -76.2834364313596,
            36.900044687815
          ],
          [
            -76.2832424222076,
            36.9004792356039
          ],
          [
            -76.2829784639395,
            36.9010827922439
          ],
          [
            -76.2829767876832,
            36.9010866735361
          ],
          [
            -76.2822300433403,
            36.9028111977173
          ],
          [
            -76.2818924645414,
            36.9035919429313
          ],
          [
            -76.2815549486245,
            36.9043706357954
          ],
          [
            -76.2812209199676,
            36.905146643532
          ],
          [
            -76.2808833088293,
            36.90592807957
          ],
          [
            -76.2805419400382,
            36.906720427288
          ],
          [
            -76.2804167382438,
            36.9070132971918
          ],
          [
            -76.2799523281065,
            36.9080995732245
          ],
          [
            -76.2798661581112,
            36.9083011381
          ],
          [
            -76.2798145436099,
            36.9084279163207
          ],
          [
            -76.2797629327019,
            36.9085546986404
          ],
          [
            -76.2797283116308,
            36.908653323167
          ],
          [
            -76.2797181444985,
            36.9086822916957
          ],
          [
            -76.2796733491085,
            36.9088098809462
          ],
          [
            -76.2795940027161,
            36.9090659487603
          ],
          [
            -76.2795559716402,
            36.9091964176814
          ],
          [
            -76.2795247938117,
            36.909326328275
          ],
          [
            -76.2794935989151,
            36.9094569296326
          ],
          [
            -76.2794658050402,
            36.9095882763399
          ],
          [
            -76.2794414211701,
            36.9097196845929
          ],
          [
            -76.2794076526003,
            36.9099381519555
          ],
          [
            -76.2794030262766,
            36.9099792775199
          ],
          [
            -76.2793854489414,
            36.910112187728
          ],
          [
            -76.2793689594661,
            36.91032480508
          ],
          [
            -76.2793566866827,
            36.9105100169707
          ],
          [
            -76.2793527852994,
            36.9106431920136
          ],
          [
            -76.2793305196567,
            36.9116366287943
          ],
          [
            -76.2793113532018,
            36.9125243570428
          ],
          [
            -76.2792949760159,
            36.9133166592338
          ],
          [
            -76.2792775271398,
            36.9140292756301
          ],
          [
            -76.2792605489809,
            36.9147254113216
          ],
          [
            -76.2792460052565,
            36.9154552490472
          ],
          [
            -76.2792322924737,
            36.9161166437749
          ],
          [
            -76.2792082975741,
            36.917273970198
          ],
          [
            -76.2790703513808,
            36.9178297765417
          ],
          [
            -76.278512997951,
            36.919801472265
          ],
          [
            -76.278421167671,
            36.9201328567517
          ],
          [
            -76.2783484203027,
            36.9203966040826
          ]
        ]
      },
      "properties": {
        "OBJECTID": 67060,
        "LINKID": "654559",
        "DATA_DATE": 1641013200000,
        "ROUTE_COMMON_NAME": "Newport AVE (PR - City of Norfolk)",
        "ROUTE_NAME": "S-VA122PR NEWPORT AVE",
        "HTRIS_ID": "21220",
        "ROUTE_ALIAS": "          ",
        "START_LABEL": "Kingsley Lane",
        "END_LABEL": "Little Creek Rd",
        "ADT": 2800,
        "ADT_QUALITY": "G",
        "PERCENT_4_TIRE": 96.97067,
        "PERCENT_BUS": 0.91847,
        "PERCENT_TRUCK_2_AXLE": 1.16017,
        "PERCENT_TRUCK_3_AXLE": 0.61231,
        "PERCENT_TRUCK_1_TRAIL": 0.35448999999999997,
        "PERCENT_TRUCK_2_TRAIL": 0.01611,
        "CLASS_QUALITY_CODE": "C",
        "K_FACTOR": 0.1073,
        "K_FACTOR_QUALITY_CODE": "F",
        "DIRECTION_FACTOR": 0.5317000000000001,
        "AAWDT": 3000,
        "AAWDT_QUALITY_CODE": "G",
        "LOC_COMP_DIRECTIONALITY_NAME": "Bidirectional",
        "ROUTE_FROM_MEASURE": 1.48,
        "FROM_JURISDICTION": "City of Norfolk",
        "ROUTE_TO_MEASURE": 2.992,
        "TO_JURISDICTION": "City of Norfolk",
        "PEAK_SINGLE_UNIT_TRUCK": 0.3895,
        "PEAK_COMBINATION_TRUCK": 0.06437999999999999,
        "EVENT_SOURCE_ID": 654559,
        "EVENT_LOCATION_ID": 1,
        "EVENT_COMPONENT_ID": 1,
        "MAXIMUMSCALEDENOMINATOR": 200000,
        "ROUTE_COMMON_NAME_ADT": "Newport AVE (PR - City of Norfolk) - ADT 2800",
        "FROM_DISTRICT": "Hampton Roads",
        "TO_DISTRICT": "Hampton Roads",
        "RTE_TYPE_CD": "ST",
        "RTE_ID": 9133309,
        "DATA_CUSTODIAN_EMAIL": null,
        "METADATA_URL": null,
        "Shape__Length": 3041.81557377337
      }
    },
    {
      "type": "Feature",
      "id": 67973,
      "geometry": {
        "type": "MultiLineString",
        "coordinates": [
          [
            [
              -76.3022585943525,
              36.8833790072994
            ],
            [
              -76.3024533149701,
              36.8833867702473
            ],
            [
              -76.3028980169683,
              36.8833834097043
            ],
            [
              -76.3040450613816,
              36.8833375426251
            ],
            [
              -76.3043159294909,
              36.8833265031943
            ],
            [
              -76.3050620171653,
              36.8832960980471
            ],
            [
              -76.3057056151506,
              36.8832744696879
            ],
            [
              -76.3079684174524,
              36.8831999354741
            ],
            [
              -76.3102243144046,
              36.8831273009749
            ]
          ],
          [
            [
              -76.3102243144046,
              36.8831272966638
            ],
            [
              -76.3116524434668,
              36.8830693674972
            ],
            [
              -76.3124636473212,
              36.8830364553013
            ],
            [
              -76.312583473597,
              36.8830318128878
            ]
          ]
        ]
      },
      "properties": {
        "OBJECTID": 67973,
        "LINKID": "654607",
        "DATA_DATE": 1641013200000,
        "ROUTE_COMMON_NAME": "W 43Rd ST (PR - City of Norfolk)",
        "ROUTE_NAME": "S-VA122PR W 43RD ST",
        "HTRIS_ID": null,
        "ROUTE_ALIAS": "          ",
        "START_LABEL": "Powhatan Ave",
        "END_LABEL": "Colley Ave",
        "ADT": 9400,
        "ADT_QUALITY": "G",
        "PERCENT_4_TIRE": 97.5471,
        "PERCENT_BUS": 0.52139,
        "PERCENT_TRUCK_2_AXLE": 1.5641699999999998,
        "PERCENT_TRUCK_3_AXLE": 0.17775,
        "PERCENT_TRUCK_1_TRAIL": 0.17775,
        "PERCENT_TRUCK_2_TRAIL": 0.01185,
        "CLASS_QUALITY_CODE": "F",
        "K_FACTOR": 0.0829,
        "K_FACTOR_QUALITY_CODE": "F",
        "DIRECTION_FACTOR": 0.5819,
        "AAWDT": 18000,
        "AAWDT_QUALITY_CODE": "G",
        "LOC_COMP_DIRECTIONALITY_NAME": "Bidirectional",
        "ROUTE_FROM_MEASURE": 0,
        "FROM_JURISDICTION": "City of Norfolk",
        "ROUTE_TO_MEASURE": 0.55,
        "TO_JURISDICTION": "City of Norfolk",
        "PEAK_SINGLE_UNIT_TRUCK": 0.07626999999999999,
        "PEAK_COMBINATION_TRUCK": 0,
        "EVENT_SOURCE_ID": 654607,
        "EVENT_LOCATION_ID": 2,
        "EVENT_COMPONENT_ID": 1,
        "MAXIMUMSCALEDENOMINATOR": 200000,
        "ROUTE_COMMON_NAME_ADT": "W 43Rd ST (PR - City of Norfolk) - ADT 9400",
        "FROM_DISTRICT": "Hampton Roads",
        "TO_DISTRICT": "Hampton Roads",
        "RTE_TYPE_CD": "ST",
        "RTE_ID": 9131641,
        "DATA_CUSTODIAN_EMAIL": null,
        "METADATA_URL": null,
        "Shape__Length": 1150.511840352958
      }
    },
    {
      "type": "Feature",
      "id": 6940,
      "geometry": {
        "type": "MultiLineString",
        "coordinates": [
          [
            [
              -76.3123467747061,
              36.8796193262246
            ],
            [
              -76.312389865992,
              36.8796668324176
            ],
            [
              -76.3123964245919,
              36.8796765725021
            ],
            [
              -76.3124028421563,
              36.8796911125669
            ],
            [
              -76.3124093217044,
              36.8797035961103
            ],
            [
              -76.3124123050095,
              36.8797187656283
            ],
            [
              -76.312415346705,
              36.8797318700028
            ],
            [
              -76.3124740866431,
              36.8808964624529
            ],
            [
              -76.3125251387991,
              36.8819191329828
            ],
            [
              -76.3125456087094,
              36.8823291683885
            ],
            [
              -76.3125819590374,
              36.883003625722
            ],
            [
              -76.3125834780886,
              36.8830318171989
            ],
            [
              -76.3126208875303,
              36.8837502634343
            ],
            [
              -76.3126362720778,
              36.8840325529197
            ],
            [
              -76.3126790363769,
              36.8848173155969
            ],
            [
              -76.3127310398487,
              36.8859783457592
            ],
            [
              -76.3127299519889,
              36.8860161072845
            ],
            [
              -76.3127287392632,
              36.8860579822048
            ],
            [
              -76.3127281517651,
              36.8860785715431
            ],
            [
              -76.3127269399377,
              36.8861204500215
            ],
            [
              -76.3127142898619,
              36.8862033224376
            ]
          ],
          [
            [
              -76.3127142862687,
              36.8862033181266
            ],
            [
              -76.3126774104262,
              36.8865330013116
            ]
          ]
        ]
      },
      "properties": {
        "OBJECTID": 6940,
        "LINKID": "654572",
        "DATA_DATE": 1641013200000,
        "ROUTE_COMMON_NAME": "Powhatan AVE (NP - City of Norfolk)",
        "ROUTE_NAME": "S-VA122NP POWHATAN AVE",
        "HTRIS_ID": "15878",
        "ROUTE_ALIAS": "          ",
        "START_LABEL": "Powhatan Avenue",
        "END_LABEL": "38th St",
        "ADT": 5200,
        "ADT_QUALITY": "G",
        "PERCENT_4_TIRE": 99.0913,
        "PERCENT_BUS": 0.30609,
        "PERCENT_TRUCK_2_AXLE": 0.39696,
        "PERCENT_TRUCK_3_AXLE": 0.09565,
        "PERCENT_TRUCK_1_TRAIL": 0.11478,
        "PERCENT_TRUCK_2_TRAIL": 0.0047799999999999995,
        "CLASS_QUALITY_CODE": "F",
        "K_FACTOR": 0.07730000000000001,
        "K_FACTOR_QUALITY_CODE": "F",
        "DIRECTION_FACTOR": 0.5524,
        "AAWDT": 9700,
        "AAWDT_QUALITY_CODE": "G",
        "LOC_COMP_DIRECTIONALITY_NAME": "Master Non-Prime",
        "ROUTE_FROM_MEASURE": 0.101,
        "FROM_JURISDICTION": "City of Norfolk",
        "ROUTE_TO_MEASURE": 0.5840000000000001,
        "TO_JURISDICTION": "City of Norfolk",
        "PEAK_SINGLE_UNIT_TRUCK": 0.03633,
        "PEAK_COMBINATION_TRUCK": 0.01778,
        "EVENT_SOURCE_ID": 654572,
        "EVENT_LOCATION_ID": 1,
        "EVENT_COMPONENT_ID": 4,
        "MAXIMUMSCALEDENOMINATOR": 200000,
        "ROUTE_COMMON_NAME_ADT": "Powhatan AVE (NP - City of Norfolk) - ADT 5200",
        "FROM_DISTRICT": "Hampton Roads",
        "TO_DISTRICT": "Hampton Roads",
        "RTE_TYPE_CD": "ST",
        "RTE_ID": 9134298,
        "DATA_CUSTODIAN_EMAIL": null,
        "METADATA_URL": null,
        "Shape__Length": 965.2515365530409
      }
    },
    {
      "type": "Feature",
      "id": 75049,
      "geometry": {
        "type": "LineString",
        "coordinates": [
          [
            -76.2796674858047,
            36.8977983206682
          ],
          [
            -76.2798520437815,
            36.8978038616076
          ],
          [
            -76.2798927886678,
            36.8978142473657
          ],
          [
            -76.2799402664272,
            36.8978281999258
          ],
          [
            -76.2799877064573,
            36.897843513831
          ],
          [
            -76.2808307789448,
            36.8981403595946
          ],
          [
            -76.282801374556,
            36.8988334829994
          ],
          [
            -76.2839757861444,
            36.8992643107514
          ],
          [
            -76.2845647153564,
            36.8994793979328
          ],
          [
            -76.2857391934201,
            36.8999088355845
          ],
          [
            -76.2863484640835,
            36.9001304853938
          ],
          [
            -76.2864261342196,
            36.9001649160327
          ],
          [
            -76.2866187114569,
            36.9002475311123
          ]
        ]
      },
      "properties": {
        "OBJECTID": 75049,
        "LINKID": "654543",
        "DATA_DATE": 1641013200000,
        "ROUTE_COMMON_NAME": "Kingsley LN (PR - City of Norfolk)",
        "ROUTE_NAME": "S-VA122PR KINGSLEY LN",
        "HTRIS_ID": "37237",
        "ROUTE_ALIAS": "          ",
        "START_LABEL": "Granby St",
        "END_LABEL": "Newport Ave",
        "ADT": 4400,
        "ADT_QUALITY": "G",
        "PERCENT_4_TIRE": 96.97067,
        "PERCENT_BUS": 0.91847,
        "PERCENT_TRUCK_2_AXLE": 1.16017,
        "PERCENT_TRUCK_3_AXLE": 0.61231,
        "PERCENT_TRUCK_1_TRAIL": 0.35448999999999997,
        "PERCENT_TRUCK_2_TRAIL": 0.01611,
        "CLASS_QUALITY_CODE": "F",
        "K_FACTOR": 0.09,
        "K_FACTOR_QUALITY_CODE": "F",
        "DIRECTION_FACTOR": 0.6355000000000001,
        "AAWDT": 4700,
        "AAWDT_QUALITY_CODE": "G",
        "LOC_COMP_DIRECTIONALITY_NAME": "Bidirectional",
        "ROUTE_FROM_MEASURE": 0,
        "FROM_JURISDICTION": "City of Norfolk",
        "ROUTE_TO_MEASURE": 0.41000000000000003,
        "TO_JURISDICTION": "City of Norfolk",
        "PEAK_SINGLE_UNIT_TRUCK": 0.3267,
        "PEAK_COMBINATION_TRUCK": 0.054,
        "EVENT_SOURCE_ID": 654543,
        "EVENT_LOCATION_ID": 1,
        "EVENT_COMPONENT_ID": 1,
        "MAXIMUMSCALEDENOMINATOR": 200000,
        "ROUTE_COMMON_NAME_ADT": "Kingsley LN (PR - City of Norfolk) - ADT 4400",
        "FROM_DISTRICT": "Hampton Roads",
        "TO_DISTRICT": "Hampton Roads",
        "RTE_TYPE_CD": "ST",
        "RTE_ID": 9127925,
        "DATA_CUSTODIAN_EMAIL": null,
        "METADATA_URL": null,
        "Shape__Length": 847.2294752735697
      }
    },
    {
      "type": "Feature",
      "id": 6144,
      "geometry": {
        "type": "LineString",
        "coordinates": [
          [
            -76.2868716842274,
            36.8837323837335
          ],
          [
            -76.2869326259363,
            36.8837534493603
          ],
          [
            -76.2869495205519,
            36.8837606367342
          ],
          [
            -76.2869629773148,
            36.8837684449101
          ],
          [
            -76.2869899177902,
            36.8837826874464
          ],
          [
            -76.2870099654924,
            36.8837988620841
          ],
          [
            -76.28702335578,
            36.883808734568
          ],
          [
            -76.2870332866555,
            36.8838199111667
          ],
          [
            -76.2870466437055,
            36.8838311531492
          ],
          [
            -76.2870565781742,
            36.8838423297445
          ],
          [
            -76.2870730631579,
            36.8838632422962
          ],
          [
            -76.2870795391128,
            36.8838757301871
          ],
          [
            -76.2870859979997,
            36.8838888963595
          ],
          [
            -76.2870956099733,
            36.8839110584053
          ],
          [
            -76.2871020481989,
            36.8839249157881
          ],
          [
            -76.2871050647416,
            36.8839387113757
          ],
          [
            -76.2871112011333,
            36.8839628680183
          ],
          [
            -76.2871139365034,
            36.8839862709261
          ],
          [
            -76.2871135142952,
            36.8840006873034
          ],
          [
            -76.2871013529029,
            36.8840657089827
          ],
          [
            -76.2870793648397,
            36.8841161195353
          ],
          [
            -76.2870687512446,
            36.884128280459
          ],
          [
            -76.2870615314847,
            36.8841411986991
          ],
          [
            -76.2870438625213,
            36.8841607790364
          ],
          [
            -76.2870228140959,
            36.8841789273627
          ],
          [
            -76.287012257993,
            36.8841890361898
          ],
          [
            -76.2869982846988,
            36.8841990746008
          ],
          [
            -76.2869843320658,
            36.8842084297003
          ],
          [
            -76.286970400094,
            36.8842170899922
          ],
          [
            -76.2869564806987,
            36.8842250720027
          ],
          [
            -76.2869425900494,
            36.8842323627987
          ],
          [
            -76.2869149039724,
            36.8842435228094
          ],
          [
            -76.2868976491324,
            36.8842486946964
          ],
          [
            -76.286880398784,
            36.8842538629905
          ],
          [
            -76.2868528573357,
            36.8842602060596
          ],
          [
            -76.2868356608862,
            36.8842633179571
          ],
          [
            -76.2868184931828,
            36.8842657465448
          ],
          [
            -76.2867876504259,
            36.8842679150292
          ],
          [
            -76.2867705357231,
            36.8842682793173
          ],
          [
            -76.2867534470714,
            36.8842679559846
          ],
          [
            -76.2866853017723,
            36.8842591139137
          ]
        ]
      },
      "properties": {
        "OBJECTID": 6144,
        "LINKID": "654530",
        "DATA_DATE": 1641013200000,
        "ROUTE_COMMON_NAME": "Colonial AVE (NP - City of Norfolk)",
        "ROUTE_NAME": "S-VA122NP COLONIAL AVE",
        "HTRIS_ID": "2135",
        "ROUTE_ALIAS": "          ",
        "START_LABEL": "27Th St",
        "END_LABEL": "New Hampshire Ave",
        "ADT": 2100,
        "ADT_QUALITY": "G",
        "PERCENT_4_TIRE": 99.0913,
        "PERCENT_BUS": 0.30609,
        "PERCENT_TRUCK_2_AXLE": 0.39696,
        "PERCENT_TRUCK_3_AXLE": 0.09565,
        "PERCENT_TRUCK_1_TRAIL": 0.11478,
        "PERCENT_TRUCK_2_TRAIL": 0.0047799999999999995,
        "CLASS_QUALITY_CODE": "F",
        "K_FACTOR": 0.10940000000000001,
        "K_FACTOR_QUALITY_CODE": "F",
        "DIRECTION_FACTOR": 0.7022,
        "AAWDT": 2300,
        "AAWDT_QUALITY_CODE": "G",
        "LOC_COMP_DIRECTIONALITY_NAME": "Master Non-Prime",
        "ROUTE_FROM_MEASURE": 2.004,
        "FROM_JURISDICTION": "City of Norfolk",
        "ROUTE_TO_MEASURE": 2.0740000000000003,
        "TO_JURISDICTION": "City of Norfolk",
        "PEAK_SINGLE_UNIT_TRUCK": 0.05142,
        "PEAK_COMBINATION_TRUCK": 0.02516,
        "EVENT_SOURCE_ID": 654530,
        "EVENT_LOCATION_ID": 1,
        "EVENT_COMPONENT_ID": 4,
        "MAXIMUMSCALEDENOMINATOR": 200000,
        "ROUTE_COMMON_NAME_ADT": "Colonial AVE (NP - City of Norfolk) - ADT 2100",
        "FROM_DISTRICT": "Hampton Roads",
        "TO_DISTRICT": "Hampton Roads",
        "RTE_TYPE_CD": "ST",
        "RTE_ID": 9139358,
        "DATA_CUSTODIAN_EMAIL": null,
        "METADATA_URL": null,
        "Shape__Length": 118.08805952240147
      }
    },
    {
      "type": "Feature",
      "id": 75029,
      "geometry": {
        "type": "LineString",
        "coordinates": [
          [
            -76.2850496780491,
            36.8805406362845
          ],
          [
            -76.2858133179058,
            36.88050626793
          ],
          [
            -76.2865838298744,
            36.880471332622
          ],
          [
            -76.2874228356885,
            36.880432871358
          ],
          [
            -76.2880018717544,
            36.8803963889709
          ],
          [
            -76.2884472807268,
            36.8803683718481
          ],
          [
            -76.2903618960244,
            36.8802697675322
          ],
          [
            -76.2914065208172,
            36.8802166052484
          ],
          [
            -76.2927494159287,
            36.8801381274895
          ],
          [
            -76.2947462657024,
            36.880033449634
          ]
        ]
      },
      "properties": {
        "OBJECTID": 75029,
        "LINKID": "654277",
        "DATA_DATE": 1641013200000,
        "ROUTE_COMMON_NAME": "38Th ST (PR - City of Norfolk)",
        "ROUTE_NAME": "S-VA122PR 38TH ST",
        "HTRIS_ID": "21350",
        "ROUTE_ALIAS": "          ",
        "START_LABEL": "Colley Ave",
        "END_LABEL": "Llewellyn Ave",
        "ADT": 9600,
        "ADT_QUALITY": "G",
        "PERCENT_4_TIRE": 99.0913,
        "PERCENT_BUS": 0.30609,
        "PERCENT_TRUCK_2_AXLE": 0.39696,
        "PERCENT_TRUCK_3_AXLE": 0.09565,
        "PERCENT_TRUCK_1_TRAIL": 0.11478,
        "PERCENT_TRUCK_2_TRAIL": 0.0047799999999999995,
        "CLASS_QUALITY_CODE": "C",
        "K_FACTOR": 0.0821,
        "K_FACTOR_QUALITY_CODE": "F",
        "DIRECTION_FACTOR": 0.539,
        "AAWDT": 18000,
        "AAWDT_QUALITY_CODE": "G",
        "LOC_COMP_DIRECTIONALITY_NAME": "Bidirectional",
        "ROUTE_FROM_MEASURE": 0.17,
        "FROM_JURISDICTION": "City of Norfolk",
        "ROUTE_TO_MEASURE": 0.7000000000000001,
        "TO_JURISDICTION": "City of Norfolk",
        "PEAK_SINGLE_UNIT_TRUCK": 0.03859,
        "PEAK_COMBINATION_TRUCK": 0.018879999999999997,
        "EVENT_SOURCE_ID": 654277,
        "EVENT_LOCATION_ID": 1,
        "EVENT_COMPONENT_ID": 1,
        "MAXIMUMSCALEDENOMINATOR": 200000,
        "ROUTE_COMMON_NAME_ADT": "38Th ST (PR - City of Norfolk) - ADT 9600",
        "FROM_DISTRICT": "Hampton Roads",
        "TO_DISTRICT": "Hampton Roads",
        "RTE_TYPE_CD": "ST",
        "RTE_ID": 9132789,
        "DATA_CUSTODIAN_EMAIL": null,
        "METADATA_URL": null,
        "Shape__Length": 1081.7490093725803
      }
    },
    {
      "type": "Feature",
      "id": 62972,
      "geometry": {
        "type": "LineString",
        "coordinates": [
          [
            -76.3019801202077,
            36.8763587835646
          ],
          [
            -76.3019858218148,
            36.8764412167374
          ],
          [
            -76.3019916644574,
            36.8765808344647
          ],
          [
            -76.301998020038,
            36.8767215571252
          ],
          [
            -76.3020065396602,
            36.8768588863599
          ],
          [
            -76.3020292194262,
            36.8771644755371
          ],
          [
            -76.3020368533094,
            36.8774277268439
          ],
          [
            -76.3020444458702,
            36.8775638978949
          ],
          [
            -76.30205283344,
            36.8776986329826
          ],
          [
            -76.3020721732698,
            36.8779651074188
          ],
          [
            -76.3020827742884,
            36.8782568718453
          ],
          [
            -76.3020913981152,
            36.8784007308597
          ],
          [
            -76.3020999752295,
            36.8785439191766
          ],
          [
            -76.3021076926561,
            36.8786856226603
          ],
          [
            -76.3021205861754,
            36.8789099453727
          ],
          [
            -76.302129118374,
            36.8790989190338
          ],
          [
            -76.3021323334443,
            36.87917605127
          ],
          [
            -76.3021348657951,
            36.8792367613601
          ],
          [
            -76.3021397688,
            36.879371260682
          ],
          [
            -76.3021460129895,
            36.8795087310203
          ],
          [
            -76.3021631348788,
            36.8796456629092
          ],
          [
            -76.3021832364799,
            36.8797832743096
          ],
          [
            -76.3021908047862,
            36.8799250847145
          ],
          [
            -76.3021976032363,
            36.8800586946882
          ],
          [
            -76.3022050844059,
            36.8801950888301
          ],
          [
            -76.3022124910155,
            36.8803333531247
          ],
          [
            -76.302226898196,
            36.8805181973364
          ],
          [
            -76.3022270967237,
            36.8806171979718
          ],
          [
            -76.3022376150973,
            36.8807505387154
          ],
          [
            -76.3022493003825,
            36.8808872564058
          ],
          [
            -76.3022600837592,
            36.8810258722539
          ],
          [
            -76.3022769738832,
            36.8812424198971
          ],
          [
            -76.3023018509283,
            36.8814400706682
          ],
          [
            -76.3023168833363,
            36.8815859902139
          ],
          [
            -76.3023304137611,
            36.8817325885018
          ],
          [
            -76.3023440564753,
            36.8818659165197
          ],
          [
            -76.3023613436547,
            36.8819536753063
          ],
          [
            -76.3023801337155,
            36.8822534879056
          ],
          [
            -76.3023910778906,
            36.8823477885091
          ],
          [
            -76.3024119619243,
            36.8824532607651
          ],
          [
            -76.3024158426463,
            36.8825556755169
          ],
          [
            -76.3024197071987,
            36.8826580865387
          ],
          [
            -76.3024533104785,
            36.8833867659362
          ],
          [
            -76.3025108385893,
            36.8848240229047
          ],
          [
            -76.3025586262675,
            36.8862432357545
          ],
          [
            -76.3027276676444,
            36.8877272252393
          ]
        ]
      },
      "properties": {
        "OBJECTID": 62972,
        "LINKID": "654162",
        "DATA_DATE": 1641013200000,
        "ROUTE_COMMON_NAME": "VA-337W",
        "ROUTE_NAME": "R-VA   SR00337WB",
        "HTRIS_ID": "  SR00337W    ",
        "ROUTE_ALIAS": "          ",
        "START_LABEL": "SR 247, 26th St",
        "END_LABEL": "49th St, Old Dominion University",
        "ADT": 24000,
        "ADT_QUALITY": "G",
        "PERCENT_4_TIRE": 94.07758,
        "PERCENT_BUS": 0.37485999999999997,
        "PERCENT_TRUCK_2_AXLE": 0.42493,
        "PERCENT_TRUCK_3_AXLE": 0.49068,
        "PERCENT_TRUCK_1_TRAIL": 4.6347499999999995,
        "PERCENT_TRUCK_2_TRAIL": 3.9999999999999996e-05,
        "CLASS_QUALITY_CODE": "F",
        "K_FACTOR": 0.08120000000000001,
        "K_FACTOR_QUALITY_CODE": "F",
        "DIRECTION_FACTOR": 0.7139,
        "AAWDT": 28000,
        "AAWDT_QUALITY_CODE": "G",
        "LOC_COMP_DIRECTIONALITY_NAME": "Master Non-Prime",
        "ROUTE_FROM_MEASURE": 30.04,
        "FROM_JURISDICTION": "City of Norfolk",
        "ROUTE_TO_MEASURE": 30.75,
        "TO_JURISDICTION": "City of Norfolk",
        "PEAK_SINGLE_UNIT_TRUCK": 0.09094,
        "PEAK_COMBINATION_TRUCK": 0.16240000000000002,
        "EVENT_SOURCE_ID": 654162,
        "EVENT_LOCATION_ID": 1,
        "EVENT_COMPONENT_ID": 2,
        "MAXIMUMSCALEDENOMINATOR": 1600000,
        "ROUTE_COMMON_NAME_ADT": "VA-337W - ADT 24000",
        "FROM_DISTRICT": "Hampton Roads",
        "TO_DISTRICT": "Hampton Roads",
        "RTE_TYPE_CD": "SR",
        "RTE_ID": 2402080,
        "DATA_CUSTODIAN_EMAIL": null,
        "METADATA_URL": null,
        "Shape__Length": 1584.9813551498592
      }
    },
    {
      "type": "Feature",
      "id": 66862,
      "geometry": {
        "type": "LineString",
        "coordinates": [
          [
            -76.2838358411995,
            36.8833406703678
          ],
          [
            -76.2835280963495,
            36.88404025329
          ],
          [
            -76.2834877736713,
            36.8841329026874
          ],
          [
            -76.2834403462176,
            36.884234345188
          ],
          [
            -76.2833929555947,
            36.8843344173431
          ],
          [
            -76.2833387341825,
            36.8844343621898
          ],
          [
            -76.283287942538,
            36.884533677487
          ],
          [
            -76.2832303650199,
            36.8846315038949
          ],
          [
            -76.2831727794169,
            36.8847293215553
          ],
          [
            -76.2831152387297,
            36.8848257688883
          ],
          [
            -76.2830542808512,
            36.8849221507151
          ],
          [
            -76.2829899417139,
            36.8850170889337
          ],
          [
            -76.2829222231145,
            36.8851106029493
          ],
          [
            -76.2828545036168,
            36.8852041053541
          ],
          [
            -76.2827868344248,
            36.885296237451
          ],
          [
            -76.2827123533079,
            36.8853868720692
          ],
          [
            -76.2826412992639,
            36.8854775640603
          ],
          [
            -76.2825563500791,
            36.8855755552333
          ],
          [
            -76.282489678017,
            36.8856333689749
          ],
          [
            -76.2822370151652,
            36.8858525066849
          ],
          [
            -76.2819809512918,
            36.8860708958073
          ],
          [
            -76.2810269647146,
            36.8868805311456
          ],
          [
            -76.2809250382692,
            36.8869740744925
          ],
          [
            -76.2808230911626,
            36.8870683132237
          ]
        ]
      },
      "properties": {
        "OBJECTID": 66862,
        "LINKID": "654190",
        "DATA_DATE": 1641013200000,
        "ROUTE_COMMON_NAME": "Llewellyn AVE (PR - City of Norfolk)",
        "ROUTE_NAME": "S-VA122PR LLEWELLYN AVE",
        "HTRIS_ID": "26625",
        "ROUTE_ALIAS": "          ",
        "START_LABEL": "Delaware Ave",
        "END_LABEL": "US 460 Granby St",
        "ADT": 7100,
        "ADT_QUALITY": "G",
        "PERCENT_4_TIRE": 98.55139,
        "PERCENT_BUS": 0.51574,
        "PERCENT_TRUCK_2_AXLE": 0.59158,
        "PERCENT_TRUCK_3_AXLE": 0.15927,
        "PERCENT_TRUCK_1_TRAIL": 0.18202,
        "PERCENT_TRUCK_2_TRAIL": 0,
        "CLASS_QUALITY_CODE": "F",
        "K_FACTOR": 0.0877,
        "K_FACTOR_QUALITY_CODE": "F",
        "DIRECTION_FACTOR": 1,
        "AAWDT": 7500,
        "AAWDT_QUALITY_CODE": "G",
        "LOC_COMP_DIRECTIONALITY_NAME": "Bidirectional",
        "ROUTE_FROM_MEASURE": 1.8800000000000001,
        "FROM_JURISDICTION": "City of Norfolk",
        "ROUTE_TO_MEASURE": 2.19,
        "TO_JURISDICTION": "City of Norfolk",
        "PEAK_SINGLE_UNIT_TRUCK": 0.054369999999999995,
        "PEAK_COMBINATION_TRUCK": 0.04122,
        "EVENT_SOURCE_ID": 654190,
        "EVENT_LOCATION_ID": 1,
        "EVENT_COMPONENT_ID": 1,
        "MAXIMUMSCALEDENOMINATOR": 400000,
        "ROUTE_COMMON_NAME_ADT": "Llewellyn AVE (PR - City of Norfolk) - ADT 7100",
        "FROM_DISTRICT": "Hampton Roads",
        "TO_DISTRICT": "Hampton Roads",
        "RTE_TYPE_CD": "ST",
        "RTE_ID": 9130165,
        "DATA_CUSTODIAN_EMAIL": null,
        "METADATA_URL": null,
        "Shape__Length": 627.0621482337401
      }
    },
    {
      "type": "Feature",
      "id": 67057,
      "geometry": {
        "type": "LineString",
        "coordinates": [
          [
            -76.2956527583505,
            36.8927308996248
          ],
          [
            -76.2957145525606,
            36.8927231325979
          ],
          [
            -76.2957626546491,
            36.8927157966328
          ],
          [
            -76.295814173929,
            36.8927085138313
          ],
          [
            -76.29586231734,
            36.8926998034936
          ],
          [
            -76.2959104733275,
            36.8926904070467
          ],
          [
            -76.2959586329082,
            36.8926810055697
          ],
          [
            -76.2960102483077,
            36.8926702972529
          ],
          [
            -76.2960584743638,
            36.8926588396036
          ],
          [
            -76.2961066878434,
            36.8926473819527
          ],
          [
            -76.2961549552219,
            36.8926345506461
          ],
          [
            -76.2961998170872,
            36.8926209664138
          ],
          [
            -76.2962480889573,
            36.8926074439649
          ],
          [
            -76.2962964102348,
            36.8925925600723
          ],
          [
            -76.2963413134226,
            36.8925775978669
          ],
          [
            -76.2963896724293,
            36.8925613403132
          ],
          [
            -76.296434612448,
            36.8925450087568
          ],
          [
            -76.2964795740263,
            36.8925279896505
          ],
          [
            -76.2973420537171,
            36.8921567876937
          ],
          [
            -76.2975015163581,
            36.8920897842539
          ],
          [
            -76.2978060254765,
            36.891962873994
          ],
          [
            -76.2980751813968,
            36.8918494976038
          ],
          [
            -76.2980761282212,
            36.8918490967111
          ],
          [
            -76.2984258100219,
            36.8917038634984
          ],
          [
            -76.2985365004312,
            36.8916612897517
          ],
          [
            -76.2986021511088,
            36.8916384862265
          ],
          [
            -76.2986643630355,
            36.8916162955305
          ],
          [
            -76.2987299553226,
            36.891595544598
          ],
          [
            -76.2987955224569,
            36.8915754840886
          ],
          [
            -76.298861077913,
            36.8915561032262
          ],
          [
            -76.2989300011532,
            36.891538165722
          ],
          [
            -76.2989954982189,
            36.8915208403321
          ],
          [
            -76.2990609665385,
            36.8915042147074
          ],
          [
            -76.2991298691174,
            36.8914892565994
          ],
          [
            -76.2992124144105,
            36.891471335604
          ],
          [
            -76.2993087380635,
            36.8914525337853
          ],
          [
            -76.2993774834373,
            36.8914407742045
          ],
          [
            -76.2994462207262,
            36.8914296971491
          ],
          [
            -76.2995149247774,
            36.8914193069299
          ],
          [
            -76.2995836000826,
            36.8914102911039
          ],
          [
            -76.2996522466416,
            36.8914019613964
          ],
          [
            -76.2997242771544,
            36.8913950678694
          ],
          [
            -76.2997928608314,
            36.8913887950827
          ],
          [
            -76.2998614202539,
            36.8913839002826
          ],
          [
            -76.2999333851896,
            36.8913790629583
          ],
          [
            -76.3000018781368,
            36.8913762243619
          ],
          [
            -76.3006524982526,
            36.891350628135
          ],
          [
            -76.301958073754,
            36.8912989219631
          ],
          [
            -76.3029844762212,
            36.8912582597894
          ],
          [
            -76.3036898971627,
            36.8912302344384
          ],
          [
            -76.3038987195336,
            36.8912238330353
          ]
        ]
      },
      "properties": {
        "OBJECTID": 67057,
        "LINKID": "654518",
        "DATA_DATE": 1641013200000,
        "ROUTE_COMMON_NAME": "Bolling AVE (PR - City of Norfolk)",
        "ROUTE_NAME": "S-VA122PR BOLLING AVE",
        "HTRIS_ID": "40163",
        "ROUTE_ALIAS": "          ",
        "START_LABEL": "SR 337 Hampton Blvd",
        "END_LABEL": "Jamestown Crescent",
        "ADT": 1400,
        "ADT_QUALITY": "G",
        "PERCENT_4_TIRE": 98.48331999999999,
        "PERCENT_BUS": 0.37073999999999996,
        "PERCENT_TRUCK_2_AXLE": 0.8426,
        "PERCENT_TRUCK_3_AXLE": 0.23593,
        "PERCENT_TRUCK_1_TRAIL": 0.06741,
        "PERCENT_TRUCK_2_TRAIL": 0,
        "CLASS_QUALITY_CODE": "C",
        "K_FACTOR": 0.1216,
        "K_FACTOR_QUALITY_CODE": "F",
        "DIRECTION_FACTOR": 0.5,
        "AAWDT": 1500,
        "AAWDT_QUALITY_CODE": "G",
        "LOC_COMP_DIRECTIONALITY_NAME": "Bidirectional",
        "ROUTE_FROM_MEASURE": 0,
        "FROM_JURISDICTION": "City of Norfolk",
        "ROUTE_TO_MEASURE": 0.48,
        "TO_JURISDICTION": "City of Norfolk",
        "PEAK_SINGLE_UNIT_TRUCK": 0.48518,
        "PEAK_COMBINATION_TRUCK": 0.04378,
        "EVENT_SOURCE_ID": 654518,
        "EVENT_LOCATION_ID": 1,
        "EVENT_COMPONENT_ID": 1,
        "MAXIMUMSCALEDENOMINATOR": 200000,
        "ROUTE_COMMON_NAME_ADT": "Bolling AVE (PR - City of Norfolk) - ADT 1400",
        "FROM_DISTRICT": "Hampton Roads",
        "TO_DISTRICT": "Hampton Roads",
        "RTE_TYPE_CD": "ST",
        "RTE_ID": 9127367,
        "DATA_CUSTODIAN_EMAIL": null,
        "METADATA_URL": null,
        "Shape__Length": 958.6784482887372
      }
    },
    {
      "type": "Feature",
      "id": 68096,
      "geometry": {
        "type": "MultiLineString",
        "coordinates": [
          [
            [
              -76.2941011531575,
              36.9107897158241
            ],
            [
              -76.2941597484669,
              36.9107750186359
            ],
            [
              -76.2948506499384,
              36.9106643486166
            ],
            [
              -76.2948987394505,
              36.9106576996044
            ],
            [
              -76.2949399307995,
              36.910652974115
            ],
            [
              -76.2949777049572,
              36.9106481947552
            ],
            [
              -76.2950188765433,
              36.9106441559302
            ],
            [
              -76.2950566084802,
              36.9106407427171
            ],
            [
              -76.2950977423371,
              36.9106380822496
            ],
            [
              -76.2951388519394,
              36.9106360998277
            ],
            [
              -76.2951765470454,
              36.9106340642538
            ],
            [
              -76.2952176476646,
              36.9106327735247
            ],
            [
              -76.2952552933632,
              36.9106321069712
            ],
            [
              -76.2953169303681,
              36.9106305138509
            ],
            [
              -76.2953682556118,
              36.9106301044376
            ],
            [
              -76.2954161717491,
              36.9106296282254
            ],
            [
              -76.2954674592636,
              36.9106305885508
            ],
            [
              -76.2955187512697,
              36.9106315524676
            ],
            [
              -76.295566584762,
              36.910633824352
            ],
            [
              -76.295795426089,
              36.9106470404974
            ],
            [
              -76.296191616367,
              36.9106702657127
            ],
            [
              -76.2967893221194,
              36.9107055118577
            ],
            [
              -76.2968029765117,
              36.9107064592534
            ],
            [
              -76.2969360691075,
              36.9107178833075
            ],
            [
              -76.2969701934102,
              36.9107212685047
            ],
            [
              -76.2970179020367,
              36.9107276567801
            ],
            [
              -76.2970519562708,
              36.9107331026875
            ],
            [
              -76.2970825555843,
              36.9107398515324
            ],
            [
              -76.2970961524844,
              36.9107428553285
            ],
            [
              -76.2971165478347,
              36.9107473653319
            ],
            [
              -76.2974323200301,
              36.9108302002353
            ],
            [
              -76.2984610886597,
              36.9111015531189
            ],
            [
              -76.2985697354018,
              36.9111303727555
            ],
            [
              -76.2986104308808,
              36.9111428066254
            ],
            [
              -76.2986510679693,
              36.9111573098115
            ],
            [
              -76.298674707136,
              36.911168055757
            ],
            [
              -76.2987118605578,
              36.911184549247
            ],
            [
              -76.2987388764917,
              36.9111967309976
            ],
            [
              -76.2987994453997,
              36.9112315172108
            ],
            [
              -76.2991824897318,
              36.911472221197
            ],
            [
              -76.2999216837347,
              36.9119373066668
            ],
            [
              -76.299961998328,
              36.9119627911236
            ],
            [
              -76.3006409243585,
              36.9123987994763
            ],
            [
              -76.3006471847177,
              36.9124028252799
            ],
            [
              -76.3008696623793,
              36.9125175753163
            ],
            [
              -76.3008932638168,
              36.9125296864653
            ],
            [
              -76.3009101341778,
              36.9125375563409
            ],
            [
              -76.3009304549678,
              36.9125448020557
            ],
            [
              -76.30095755714,
              36.9125542441807
            ],
            [
              -76.3009846727868,
              36.9125629917561
            ],
            [
              -76.3010152298795,
              36.9125711180437
            ],
            [
              -76.3010390019969,
              36.9125770522299
            ],
            [
              -76.3010594467544,
              36.9125801845204
            ],
            [
              -76.3010969145866,
              36.9125856913469
            ],
            [
              -76.301745783886,
              36.9127448152598
            ],
            [
              -76.3018715147881,
              36.9127746441332
            ],
            [
              -76.301922501367,
              36.9127859033986
            ],
            [
              -76.3019735238785,
              36.9127964709891
            ],
            [
              -76.3020245517799,
              36.9128063526509
            ],
            [
              -76.3020756290887,
              36.9128148595842
            ],
            [
              -76.3021267054991,
              36.9128233708261
            ],
            [
              -76.3021777989775,
              36.9128311918305
            ],
            [
              -76.3022289346767,
              36.9128376467263
            ],
            [
              -76.3022800856473,
              36.9128434063575
            ],
            [
              -76.3023312375162,
              36.9128491746072
            ],
            [
              -76.302385847899,
              36.9128536270262
            ],
            [
              -76.3024370617517,
              36.9128573339038
            ],
            [
              -76.3024882791976,
              36.9128610371898
            ],
            [
              -76.3025395343728,
              36.9128633671858
            ],
            [
              -76.3025908057176,
              36.9128650141281
            ],
            [
              -76.3026455113218,
              36.912866039786
            ],
            [
              -76.3026968284807,
              36.912866309129
            ],
            [
              -76.3027481618093,
              36.9128658954182
            ],
            [
              -76.3027995122059,
              36.9128647986538
            ],
            [
              -76.3028543300994,
              36.9128623867775
            ],
            [
              -76.3029331348077,
              36.9128583688989
            ],
            [
              -76.3030222836166,
              36.912851789748
            ],
            [
              -76.304122897706,
              36.9127707052573
            ],
            [
              -76.3041434331934,
              36.9127703992834
            ],
            [
              -76.304167428093,
              36.9127687932792
            ],
            [
              -76.3041880058012,
              36.9127671097042
            ],
            [
              -76.3042086032723,
              36.9127647509753
            ],
            [
              -76.3042395169962,
              36.9127605176169
            ],
            [
              -76.3042635657947,
              36.9127568473654
            ],
            [
              -76.3042842306395,
              36.9127524286984
            ],
            [
              -76.3043049026708,
              36.9127473226669
            ],
            [
              -76.3043255998549,
              36.91274152137
            ],
            [
              -76.304342883441,
              36.9127356618946
            ],
            [
              -76.3043636138628,
              36.9127284952053
            ],
            [
              -76.3043947054531,
              36.912718084902
            ],
            [
              -76.3044120635993,
              36.9127094867402
            ],
            [
              -76.3044328389369,
              36.9127009417279
            ],
            [
              -76.3044502096596,
              36.9126916482987
            ],
            [
              -76.304509380789,
              36.9126570358495
            ]
          ],
          [
            [
              -76.3047327675457,
              36.9127408878744
            ],
            [
              -76.3046640805624,
              36.9126923974329
            ],
            [
              -76.3046249409655,
              36.9126767395933
            ],
            [
              -76.3045868694654,
              36.9126615127003
            ],
            [
              -76.304509380789,
              36.9126570358495
            ],
            [
              -76.3045688447692,
              36.9126121322963
            ],
            [
              -76.3045828971152,
              36.9125993467233
            ],
            [
              -76.304596977309,
              36.912585869473
            ],
            [
              -76.3046180886165,
              36.9125656607755
            ],
            [
              -76.3046287686869,
              36.9125514351019
            ],
            [
              -76.3046465193969,
              36.9125291032455
            ],
            [
              -76.3046608574072,
              36.9125067053034
            ],
            [
              -76.3046715698169,
              36.912491105604
            ],
            [
              -76.3046859446581,
              36.912467337945
            ],
            [
              -76.3047184717562,
              36.9124075011015
            ],
            [
              -76.3047466833477,
              36.9122603569544
            ],
            [
              -76.3047542139248,
              36.9122364570648
            ],
            [
              -76.3047689444988,
              36.9122003339208
            ],
            [
              -76.3047836382419,
              36.9121655761612
            ],
            [
              -76.3048017536679,
              36.912130889493
            ],
            [
              -76.304816082695,
              36.9121084914339
            ],
            [
              -76.304837565905,
              36.912075918565
            ],
            [
              -76.304855287869,
              36.9120542739398
            ],
            [
              -76.3048763416843,
              36.9120361250587
            ],
            [
              -76.3049009115056,
              36.9120146003709
            ],
            [
              -76.3049323049298,
              36.9119938987985
            ],
            [
              -76.3049532464557,
              36.9119798676657
            ],
            [
              -76.3049775764269,
              36.9119665856716
            ],
            [
              -76.3050018740587,
              36.9119546683624
            ],
            [
              -76.3050295601358,
              36.9119435131215
            ],
            [
              -76.3050468643831,
              36.9119369669314
            ],
            [
              -76.3050744965612,
              36.9119278680567
            ],
            [
              -76.3050917549945,
              36.9119226958904
            ],
            [
              -76.3051262485047,
              36.9119130382102
            ],
            [
              -76.3051469043664,
              36.9119086108753
            ],
            [
              -76.3051744206618,
              36.9119036369465
            ],
            [
              -76.3052053128261,
              36.9119000909122
            ],
            [
              -76.30582310401,
              36.9118326365028
            ]
          ]
        ]
      },
      "properties": {
        "OBJECTID": 68096,
        "LINKID": "781702",
        "DATA_DATE": 1641013200000,
        "ROUTE_COMMON_NAME": "N Shore RD (PR - City of Norfolk)",
        "ROUTE_NAME": "S-VA122PR N SHORE RD",
        "HTRIS_ID": "11118",
        "ROUTE_ALIAS": "          ",
        "START_LABEL": "Hampton Blvd",
        "END_LABEL": "Diven St",
        "ADT": 1300,
        "ADT_QUALITY": "G",
        "PERCENT_4_TIRE": 97.9418,
        "PERCENT_BUS": 0.60326,
        "PERCENT_TRUCK_2_AXLE": 0.88715,
        "PERCENT_TRUCK_3_AXLE": 0.31937,
        "PERCENT_TRUCK_1_TRAIL": 0.2484,
        "PERCENT_TRUCK_2_TRAIL": 0,
        "CLASS_QUALITY_CODE": "C",
        "K_FACTOR": 0.0994,
        "K_FACTOR_QUALITY_CODE": "F",
        "DIRECTION_FACTOR": 0.669,
        "AAWDT": 1300,
        "AAWDT_QUALITY_CODE": "G",
        "LOC_COMP_DIRECTIONALITY_NAME": "Bidirectional",
        "ROUTE_FROM_MEASURE": 1.393,
        "FROM_JURISDICTION": "City of Norfolk",
        "ROUTE_TO_MEASURE": 2.16,
        "TO_JURISDICTION": "City of Norfolk",
        "PEAK_SINGLE_UNIT_TRUCK": 0,
        "PEAK_COMBINATION_TRUCK": 0.06958,
        "EVENT_SOURCE_ID": 781702,
        "EVENT_LOCATION_ID": 1,
        "EVENT_COMPONENT_ID": 1,
        "MAXIMUMSCALEDENOMINATOR": 200000,
        "ROUTE_COMMON_NAME_ADT": "N Shore RD (PR - City of Norfolk) - ADT 1300",
        "FROM_DISTRICT": "Hampton Roads",
        "TO_DISTRICT": "Hampton Roads",
        "RTE_TYPE_CD": "ST",
        "RTE_ID": 9135769,
        "DATA_CUSTODIAN_EMAIL": null,
        "METADATA_URL": null,
        "Shape__Length": 1484.6267427223872
      }
    },
    {
      "type": "Feature",
      "id": 77110,
      "geometry": {
        "type": "LineString",
        "coordinates": [
          [
            -76.2798818777304,
            36.8700374345333
          ],
          [
            -76.2800200143665,
            36.8702248024067
          ],
          [
            -76.2801559366555,
            36.8704876895625
          ],
          [
            -76.2802200107898,
            36.8706351938064
          ],
          [
            -76.2802915822634,
            36.8708769406686
          ]
        ]
      },
      "properties": {
        "OBJECTID": 77110,
        "LINKID": "654524",
        "DATA_DATE": 1641013200000,
        "ROUTE_COMMON_NAME": "Church ST (PR - City of Norfolk)",
        "ROUTE_NAME": "S-VA122PR CHURCH ST",
        "HTRIS_ID": "18700",
        "ROUTE_ALIAS": "          ",
        "START_LABEL": "SR 247 Lafayette Blvd; 26th Street",
        "END_LABEL": "27th St",
        "ADT": 16000,
        "ADT_QUALITY": "G",
        "PERCENT_4_TIRE": 97.14975,
        "PERCENT_BUS": 0.5544899999999999,
        "PERCENT_TRUCK_2_AXLE": 1.11696,
        "PERCENT_TRUCK_3_AXLE": 0.6203099999999999,
        "PERCENT_TRUCK_1_TRAIL": 0.55848,
        "PERCENT_TRUCK_2_TRAIL": 0,
        "CLASS_QUALITY_CODE": "F",
        "K_FACTOR": 0.0864,
        "K_FACTOR_QUALITY_CODE": "F",
        "DIRECTION_FACTOR": 0.5243,
        "AAWDT": 17000,
        "AAWDT_QUALITY_CODE": "G",
        "LOC_COMP_DIRECTIONALITY_NAME": "Master Prime",
        "ROUTE_FROM_MEASURE": 1.161,
        "FROM_JURISDICTION": "City of Norfolk",
        "ROUTE_TO_MEASURE": 1.224,
        "TO_JURISDICTION": "City of Norfolk",
        "PEAK_SINGLE_UNIT_TRUCK": 0.15292999999999998,
        "PEAK_COMBINATION_TRUCK": 0.04579,
        "EVENT_SOURCE_ID": 654524,
        "EVENT_LOCATION_ID": 1,
        "EVENT_COMPONENT_ID": 1,
        "MAXIMUMSCALEDENOMINATOR": 400000,
        "ROUTE_COMMON_NAME_ADT": "Church ST (PR - City of Norfolk) - ADT 16000",
        "FROM_DISTRICT": "Hampton Roads",
        "TO_DISTRICT": "Hampton Roads",
        "RTE_TYPE_CD": "ST",
        "RTE_ID": 9133075,
        "DATA_CUSTODIAN_EMAIL": null,
        "METADATA_URL": null,
        "Shape__Length": 126.15496059636217
      }
    },
    {
      "type": "Feature",
      "id": 116497,
      "geometry": {
        "type": "LineString",
        "coordinates": [
          [
            -76.288252402904,
            36.8579729815
          ],
          [
            -76.2882770975911,
            36.858649983398
          ],
          [
            -76.2882811319251,
            36.8587462164114
          ],
          [
            -76.2883047998379,
            36.8594589118012
          ],
          [
            -76.288322377173,
            36.8600286415682
          ],
          [
            -76.2883216163,
            36.8600547262593
          ],
          [
            -76.2883208751899,
            36.8600801238217
          ],
          [
            -76.2883167123969,
            36.8601054595636
          ],
          [
            -76.2883011050671,
            36.8601717888556
          ],
          [
            -76.2881248798629,
            36.8605874472748
          ],
          [
            -76.2879819102905,
            36.8609171849778
          ],
          [
            -76.2876770993382,
            36.861638118329
          ],
          [
            -76.2873612696505,
            36.862384954125
          ],
          [
            -76.2870530738463,
            36.8631044476963
          ],
          [
            -76.2869281658009,
            36.8634008758381
          ],
          [
            -76.2867446992772,
            36.8638294405252
          ],
          [
            -76.2864362717075,
            36.8645564934638
          ],
          [
            -76.2861279519357,
            36.8652794213583
          ],
          [
            -76.2858158331886,
            36.8660153291197
          ],
          [
            -76.285503901291,
            36.8667443685374
          ],
          [
            -76.2851956515878,
            36.8674645490778
          ],
          [
            -76.2848872114417,
            36.8681909026584
          ],
          [
            -76.2846013971627,
            36.8688452379848
          ],
          [
            -76.2845500755122,
            36.8689627391523
          ],
          [
            -76.2842604173421,
            36.8696310687009
          ],
          [
            -76.28395617682,
            36.8703300305359
          ],
          [
            -76.2839047770161,
            36.8704506311003
          ],
          [
            -76.2836416209435,
            36.8710308544439
          ],
          [
            -76.28332359757,
            36.8717329934923
          ],
          [
            -76.2830126214799,
            36.872427701937
          ],
          [
            -76.2826982308934,
            36.8731223480112
          ],
          [
            -76.2823802120114,
            36.8738237923369
          ],
          [
            -76.2822335063457,
            36.8741630714211
          ],
          [
            -76.282091347952,
            36.8743465206535
          ],
          [
            -76.2820413306553,
            36.8744197556388
          ],
          [
            -76.2819846676222,
            36.8744866847597
          ],
          [
            -76.281841701643,
            36.8745808318299
          ],
          [
            -76.2816998253203,
            36.8746379043879
          ],
          [
            -76.2815187051961,
            36.8747505604234
          ]
        ]
      },
      "properties": {
        "OBJECTID": 116497,
        "LINKID": "654606",
        "DATA_DATE": 1641013200000,
        "ROUTE_COMMON_NAME": "Granby ST (PR - City of Norfolk)",
        "ROUTE_NAME": "S-VA122PR GRANBY ST",
        "HTRIS_ID": "26317",
        "ROUTE_ALIAS": "          ",
        "START_LABEL": "Brambleton Ave",
        "END_LABEL": "Church St",
        "ADT": 7800,
        "ADT_QUALITY": "G",
        "PERCENT_4_TIRE": 97.71320999999999,
        "PERCENT_BUS": 1.15506,
        "PERCENT_TRUCK_2_AXLE": 0.6592,
        "PERCENT_TRUCK_3_AXLE": 0.37918999999999997,
        "PERCENT_TRUCK_1_TRAIL": 0.09917,
        "PERCENT_TRUCK_2_TRAIL": 0.00583,
        "CLASS_QUALITY_CODE": "F",
        "K_FACTOR": 0.08800000000000001,
        "K_FACTOR_QUALITY_CODE": "F",
        "DIRECTION_FACTOR": 0.5428000000000001,
        "AAWDT": 8200,
        "AAWDT_QUALITY_CODE": "G",
        "LOC_COMP_DIRECTIONALITY_NAME": "Bidirectional",
        "ROUTE_FROM_MEASURE": 0.8300000000000001,
        "FROM_JURISDICTION": "City of Norfolk",
        "ROUTE_TO_MEASURE": 2.06,
        "TO_JURISDICTION": "City of Norfolk",
        "PEAK_SINGLE_UNIT_TRUCK": 0.13552,
        "PEAK_COMBINATION_TRUCK": 0.01056,
        "EVENT_SOURCE_ID": 654606,
        "EVENT_LOCATION_ID": 1,
        "EVENT_COMPONENT_ID": 1,
        "MAXIMUMSCALEDENOMINATOR": 200000,
        "ROUTE_COMMON_NAME_ADT": "Granby ST (PR - City of Norfolk) - ADT 7800",
        "FROM_DISTRICT": "Hampton Roads",
        "TO_DISTRICT": "Hampton Roads",
        "RTE_TYPE_CD": "ST",
        "RTE_ID": 9130319,
        "DATA_CUSTODIAN_EMAIL": null,
        "METADATA_URL": null,
        "Shape__Length": 2483.6654237965804
      }
    },
    {
      "type": "Feature",
      "id": 63928,
      "geometry": {
        "type": "LineString",
        "coordinates": [
          [
            -76.2841109430687,
            36.8671603088608
          ],
          [
            -76.2838655754354,
            36.8678137920451
          ],
          [
            -76.2838367350232,
            36.8679086595424
          ],
          [
            -76.2838315292861,
            36.867925794093
          ],
          [
            -76.2838012614509,
            36.8680254980994
          ],
          [
            -76.2837675925941,
            36.8681244581534
          ],
          [
            -76.2837339273305,
            36.8682234137672
          ],
          [
            -76.2836968610453,
            36.8683216204018
          ],
          [
            -76.2836564054165,
            36.86841907806
          ],
          [
            -76.2836125200199,
            36.8685164651647
          ],
          [
            -76.2835686633694,
            36.8686131694142
          ],
          [
            -76.2835248480414,
            36.8687085001755
          ],
          [
            -76.2834741893476,
            36.8688037028959
          ],
          [
            -76.2834269729979,
            36.8688982852927
          ],
          [
            -76.2833729411302,
            36.8689920475805
          ],
          [
            -76.2828034101384,
            36.8699930190194
          ],
          [
            -76.2827421585108,
            36.8700996955483
          ]
        ]
      },
      "properties": {
        "OBJECTID": 63928,
        "LINKID": "654206",
        "DATA_DATE": 1641013200000,
        "ROUTE_COMMON_NAME": "US-460W",
        "ROUTE_NAME": "R-VA   US00460WB",
        "HTRIS_ID": "  US00460W    ",
        "ROUTE_ALIAS": "          ",
        "START_LABEL": "21st St",
        "END_LABEL": "Church St",
        "ADT": 14000,
        "ADT_QUALITY": "G",
        "PERCENT_4_TIRE": 95.92778,
        "PERCENT_BUS": 2.01021,
        "PERCENT_TRUCK_2_AXLE": 1.19162,
        "PERCENT_TRUCK_3_AXLE": 0.25386,
        "PERCENT_TRUCK_1_TRAIL": 0.58545,
        "PERCENT_TRUCK_2_TRAIL": 0.03109,
        "CLASS_QUALITY_CODE": "F",
        "K_FACTOR": 0.0917,
        "K_FACTOR_QUALITY_CODE": "F",
        "DIRECTION_FACTOR": 0.5191,
        "AAWDT": 26000,
        "AAWDT_QUALITY_CODE": "G",
        "LOC_COMP_DIRECTIONALITY_NAME": "Master Non-Prime",
        "ROUTE_FROM_MEASURE": 401.27,
        "FROM_JURISDICTION": "City of Norfolk",
        "ROUTE_TO_MEASURE": 401.446,
        "TO_JURISDICTION": "City of Norfolk",
        "PEAK_SINGLE_UNIT_TRUCK": 0.1834,
        "PEAK_COMBINATION_TRUCK": 0.0055000000000000005,
        "EVENT_SOURCE_ID": 654206,
        "EVENT_LOCATION_ID": 1,
        "EVENT_COMPONENT_ID": 4,
        "MAXIMUMSCALEDENOMINATOR": 1600000,
        "ROUTE_COMMON_NAME_ADT": "US-460W - ADT 14000",
        "FROM_DISTRICT": "Hampton Roads",
        "TO_DISTRICT": "Hampton Roads",
        "RTE_TYPE_CD": "US",
        "RTE_ID": 2439860,
        "DATA_CUSTODIAN_EMAIL": null,
        "METADATA_URL": null,
        "Shape__Length": 437.520703386433
      }
    },
    {
      "type": "Feature",
      "id": 64581,
      "geometry": {
        "type": "LineString",
        "coordinates": [
          [
            -76.3017038720881,
            36.8732202278431
          ],
          [
            -76.3017195872157,
            36.8733658576812
          ],
          [
            -76.301737338824,
            36.8734998226295
          ],
          [
            -76.3017465034365,
            36.8736029615385
          ],
          [
            -76.3017519903463,
            36.8736647597328
          ],
          [
            -76.3017665223927,
            36.8738095910601
          ],
          [
            -76.3017836326039,
            36.8739524904783
          ],
          [
            -76.3017993935455,
            36.8740912762896
          ],
          [
            -76.3018148688229,
            36.8742276207257
          ],
          [
            -76.3018311462959,
            36.8743681364505
          ],
          [
            -76.3018458768699,
            36.8745047462775
          ],
          [
            -76.3018738117803,
            36.8747517518731
          ],
          [
            -76.3018899904386,
            36.8749064483068
          ],
          [
            -76.3019049446931,
            36.8750458338562
          ],
          [
            -76.301917506734,
            36.875184558037
          ],
          [
            -76.3019275247461,
            36.875325371658
          ],
          [
            -76.3019351128153,
            36.8754649770531
          ],
          [
            -76.3019358700951,
            36.8755538814564
          ],
          [
            -76.3019421969296,
            36.875604370925
          ],
          [
            -76.3019489001583,
            36.8757438730508
          ],
          [
            -76.3019557237612,
            36.8758831636545
          ],
          [
            -76.3019632255921,
            36.8760238078364
          ],
          [
            -76.3019697419712,
            36.8761636196284
          ],
          [
            -76.3019801202077,
            36.8763587835646
          ]
        ]
      },
      "properties": {
        "OBJECTID": 64581,
        "LINKID": "654161",
        "DATA_DATE": 1641013200000,
        "ROUTE_COMMON_NAME": "VA-337W",
        "ROUTE_NAME": "R-VA   SR00337WB",
        "HTRIS_ID": "  SR00337W    ",
        "ROUTE_ALIAS": "          ",
        "START_LABEL": "21st Street",
        "END_LABEL": "SR 247, 26th St",
        "ADT": 32000,
        "ADT_QUALITY": "G",
        "PERCENT_4_TIRE": 94.07758,
        "PERCENT_BUS": 0.37485999999999997,
        "PERCENT_TRUCK_2_AXLE": 0.42493,
        "PERCENT_TRUCK_3_AXLE": 0.49068,
        "PERCENT_TRUCK_1_TRAIL": 4.6347499999999995,
        "PERCENT_TRUCK_2_TRAIL": 3.9999999999999996e-05,
        "CLASS_QUALITY_CODE": "F",
        "K_FACTOR": 0.08120000000000001,
        "K_FACTOR_QUALITY_CODE": "F",
        "DIRECTION_FACTOR": 0.5730000000000001,
        "AAWDT": 37000,
        "AAWDT_QUALITY_CODE": "G",
        "LOC_COMP_DIRECTIONALITY_NAME": "Master Non-Prime",
        "ROUTE_FROM_MEASURE": 29.82,
        "FROM_JURISDICTION": "City of Norfolk",
        "ROUTE_TO_MEASURE": 30.04,
        "TO_JURISDICTION": "City of Norfolk",
        "PEAK_SINGLE_UNIT_TRUCK": 0.09094,
        "PEAK_COMBINATION_TRUCK": 0.16240000000000002,
        "EVENT_SOURCE_ID": 654161,
        "EVENT_LOCATION_ID": 1,
        "EVENT_COMPONENT_ID": 2,
        "MAXIMUMSCALEDENOMINATOR": 1600000,
        "ROUTE_COMMON_NAME_ADT": "VA-337W - ADT 32000",
        "FROM_DISTRICT": "Hampton Roads",
        "TO_DISTRICT": "Hampton Roads",
        "RTE_TYPE_CD": "SR",
        "RTE_ID": 2402080,
        "DATA_CUSTODIAN_EMAIL": null,
        "METADATA_URL": null,
        "Shape__Length": 437.9696016663772
      }
    },
    {
      "type": "Feature",
      "id": 67237,
      "geometry": {
        "type": "LineString",
        "coordinates": [
          [
            -76.2853113321385,
            36.8884428783973
          ],
          [
            -76.2862628815864,
            36.8886531240911
          ],
          [
            -76.2871770916611,
            36.8888537294427
          ],
          [
            -76.2874319679617,
            36.8889100491513
          ],
          [
            -76.2885909330188,
            36.889162640967
          ],
          [
            -76.2895493680533,
            36.8893716165809
          ]
        ]
      },
      "properties": {
        "OBJECTID": 67237,
        "LINKID": "654558",
        "DATA_DATE": 1641013200000,
        "ROUTE_COMMON_NAME": "New Hampshire AVE (PR - City of Norfolk)",
        "ROUTE_NAME": "S-VA122PR NEW HAMPSHIRE AVE",
        "HTRIS_ID": "4328",
        "ROUTE_ALIAS": "          ",
        "START_LABEL": "Gasnold Ave",
        "END_LABEL": "Colonial Ave",
        "ADT": 110,
        "ADT_QUALITY": "G",
        "PERCENT_4_TIRE": 97.26028,
        "PERCENT_BUS": 0.9132399999999999,
        "PERCENT_TRUCK_2_AXLE": 1.3698599999999999,
        "PERCENT_TRUCK_3_AXLE": 0.45661999999999997,
        "PERCENT_TRUCK_1_TRAIL": 0,
        "PERCENT_TRUCK_2_TRAIL": 0,
        "CLASS_QUALITY_CODE": "C",
        "K_FACTOR": 0.12100000000000001,
        "K_FACTOR_QUALITY_CODE": "F",
        "DIRECTION_FACTOR": 0.6667000000000001,
        "AAWDT": 120,
        "AAWDT_QUALITY_CODE": "G",
        "LOC_COMP_DIRECTIONALITY_NAME": "Bidirectional",
        "ROUTE_FROM_MEASURE": 0.13,
        "FROM_JURISDICTION": "City of Norfolk",
        "ROUTE_TO_MEASURE": 0.37,
        "TO_JURISDICTION": "City of Norfolk",
        "PEAK_SINGLE_UNIT_TRUCK": 0,
        "PEAK_COMBINATION_TRUCK": 0,
        "EVENT_SOURCE_ID": 654558,
        "EVENT_LOCATION_ID": 1,
        "EVENT_COMPONENT_ID": 1,
        "MAXIMUMSCALEDENOMINATOR": 24000,
        "ROUTE_COMMON_NAME_ADT": "New Hampshire AVE (PR - City of Norfolk) - ADT 110",
        "FROM_DISTRICT": "Hampton Roads",
        "TO_DISTRICT": "Hampton Roads",
        "RTE_TYPE_CD": "ST",
        "RTE_ID": 9138423,
        "DATA_CUSTODIAN_EMAIL": null,
        "METADATA_URL": null,
        "Shape__Length": 489.16529650459387
      }
    },
    {
      "type": "Feature",
      "id": 68219,
      "geometry": {
        "type": "LineString",
        "coordinates": [
          [
            -76.3068764559357,
            36.8664433767823
          ],
          [
            -76.3067803721329,
            36.86657345645
          ],
          [
            -76.3065064533449,
            36.8669412907147
          ],
          [
            -76.3062964802321,
            36.86722584364
          ],
          [
            -76.3057683274389,
            36.8679893626527
          ],
          [
            -76.3052438694165,
            36.8687433244406
          ],
          [
            -76.304890604236,
            36.8692525472836
          ],
          [
            -76.3042984024614,
            36.8701013965936
          ],
          [
            -76.3038372029029,
            36.8706772791002
          ],
          [
            -76.3037201362517,
            36.8708227599966
          ],
          [
            -76.303375962022,
            36.8712538442848
          ],
          [
            -76.3029146259196,
            36.8718338322835
          ],
          [
            -76.302449801659,
            36.8724158266014
          ],
          [
            -76.3020457538173,
            36.87290621786
          ],
          [
            -76.3019004135908,
            36.8730834525914
          ],
          [
            -76.30180481398,
            36.8731963689046
          ],
          [
            -76.3017038720881,
            36.8732202314362
          ],
          [
            -76.3016066168822,
            36.8732106651533
          ]
        ]
      },
      "properties": {
        "OBJECTID": 68219,
        "LINKID": "654525",
        "DATA_DATE": 1641013200000,
        "ROUTE_COMMON_NAME": "Claremont AVE (PR - City of Norfolk)",
        "ROUTE_NAME": "S-VA122PR CLAREMONT AVE",
        "HTRIS_ID": "3503",
        "ROUTE_ALIAS": "          ",
        "START_LABEL": "Raleigh Ave",
        "END_LABEL": "SR 337 Hampton Blvd",
        "ADT": 820,
        "ADT_QUALITY": "G",
        "PERCENT_4_TIRE": 98.56115,
        "PERCENT_BUS": 0.46551,
        "PERCENT_TRUCK_2_AXLE": 0.76174,
        "PERCENT_TRUCK_3_AXLE": 0.16927999999999999,
        "PERCENT_TRUCK_1_TRAIL": 0.042319999999999997,
        "PERCENT_TRUCK_2_TRAIL": 0,
        "CLASS_QUALITY_CODE": "C",
        "K_FACTOR": 0.1236,
        "K_FACTOR_QUALITY_CODE": "F",
        "DIRECTION_FACTOR": 1,
        "AAWDT": 870,
        "AAWDT_QUALITY_CODE": "G",
        "LOC_COMP_DIRECTIONALITY_NAME": "Bidirectional",
        "ROUTE_FROM_MEASURE": 0.23,
        "FROM_JURISDICTION": "City of Norfolk",
        "ROUTE_TO_MEASURE": 0.77,
        "TO_JURISDICTION": "City of Norfolk",
        "PEAK_SINGLE_UNIT_TRUCK": 0.12112999999999999,
        "PEAK_COMBINATION_TRUCK": 0,
        "EVENT_SOURCE_ID": 654525,
        "EVENT_LOCATION_ID": 1,
        "EVENT_COMPONENT_ID": 1,
        "MAXIMUMSCALEDENOMINATOR": 24000,
        "ROUTE_COMMON_NAME_ADT": "Claremont AVE (PR - City of Norfolk) - ADT 820",
        "FROM_DISTRICT": "Hampton Roads",
        "TO_DISTRICT": "Hampton Roads",
        "RTE_TYPE_CD": "ST",
        "RTE_ID": 9138283,
        "DATA_CUSTODIAN_EMAIL": null,
        "METADATA_URL": null,
        "Shape__Length": 1119.3889671537092
      }
    },
    {
      "type": "Feature",
      "id": 63250,
      "geometry": {
        "type": "LineString",
        "coordinates": [
          [
            -76.3102924390425,
            36.9175981879452
          ],
          [
            -76.3104024341557,
            36.9176991378094
          ],
          [
            -76.310826761465,
            36.9180908098655
          ],
          [
            -76.3108656854663,
            36.9181267384609
          ],
          [
            -76.3109289987275,
            36.9181856069962
          ],
          [
            -76.3119422714185,
            36.9191172825799
          ],
          [
            -76.3130254114791,
            36.9201189247886
          ],
          [
            -76.3130329178016,
            36.9201258803569
          ],
          [
            -76.3136152758374,
            36.9206656276467
          ],
          [
            -76.3154583358311,
            36.9223709689036
          ],
          [
            -76.315591291883,
            36.9225066884932
          ],
          [
            -76.3156975832424,
            36.9226178756371
          ],
          [
            -76.3158004035115,
            36.9227310447264
          ],
          [
            -76.3158997526903,
            36.9228455328963
          ],
          [
            -76.3159990722248,
            36.922961391848
          ],
          [
            -76.3160949071942,
            36.9230792485215
          ],
          [
            -76.3161873007178,
            36.9231977262129
          ],
          [
            -76.3162762384225,
            36.9233175114703
          ],
          [
            -76.3163651437879,
            36.923438674666
          ],
          [
            -76.3164505726731,
            36.9235611454151
          ],
          [
            -76.3164557487658,
            36.9235689078666
          ],
          [
            -76.3165325798754,
            36.9236842407544
          ],
          [
            -76.3165665218201,
            36.923738322151
          ],
          [
            -76.3166110980211,
            36.9238093222834
          ],
          [
            -76.3166861828058,
            36.9239350370097
          ],
          [
            -76.3167612424377,
            36.9240614344823
          ],
          [
            -76.3168685066725,
            36.9242578023637
          ],
          [
            -76.3169366483784,
            36.9243868233822
          ],
          [
            -76.3169465379313,
            36.9244070691631
          ],
          [
            -76.3170141990385,
            36.9245455406234
          ],
          [
            -76.3170753473599,
            36.9246799285078
          ],
          [
            -76.3170940044701,
            36.924722162825
          ],
          [
            -76.3171781514594,
            36.9249126137322
          ],
          [
            -76.3172323935328,
            36.9250489291569
          ],
          [
            -76.3173305506473,
            36.9253241057661
          ],
          [
            -76.3173924930794,
            36.9255143698923
          ],
          [
            -76.3174090490301,
            36.9255687077988
          ],
          [
            -76.3174151809302,
            36.9255935428217
          ],
          [
            -76.3174212301854,
            36.9256144015633
          ],
          [
            -76.3174556446439,
            36.9257330404844
          ],
          [
            -76.317456186328,
            36.9257350971991
          ],
          [
            -76.3174926740982,
            36.925873146144
          ],
          [
            -76.3175262603101,
            36.9260138935491
          ],
          [
            -76.3175564086693,
            36.9261552532528
          ],
          [
            -76.3175831380406,
            36.9262965509361
          ],
          [
            -76.3176064214744,
            36.9264384695313
          ],
          [
            -76.3176262913102,
            36.926580326104
          ],
          [
            -76.3176395405623,
            36.9267145064565
          ],
          [
            -76.3177157176984,
            36.9275153948769
          ],
          [
            -76.3177915139488,
            36.9283293292644
          ],
          [
            -76.3178332856096,
            36.9287799851624
          ],
          [
            -76.3178671368244,
            36.929149437755
          ],
          [
            -76.3179242750664,
            36.9298308754675
          ],
          [
            -76.3179308210898,
            36.9299088856392
          ],
          [
            -76.3179498590857,
            36.9301252759131
          ],
          [
            -76.3179680077493,
            36.9303316159974
          ],
          [
            -76.3179952761098,
            36.9306415616694
          ],
          [
            -76.3180623209727,
            36.9314031323919
          ],
          [
            -76.3181184953224,
            36.9320669723981
          ],
          [
            -76.3181863387876,
            36.9328140614088
          ],
          [
            -76.3182951840573,
            36.9340126211062
          ],
          [
            -76.3184051252717,
            36.9353061144373
          ],
          [
            -76.318553821604,
            36.9370353764734
          ],
          [
            -76.3185823511991,
            36.9373518482281
          ],
          [
            -76.3186494876902,
            36.9381019240543
          ],
          [
            -76.3187843427806,
            36.9396084193105
          ],
          [
            -76.319080608958,
            36.94298969867
          ],
          [
            -76.3191081746608,
            36.9433398144733
          ],
          [
            -76.3191407601494,
            36.9437538929067
          ],
          [
            -76.3191511374876,
            36.9438687867376
          ],
          [
            -76.3189488701232,
            36.943880145515
          ],
          [
            -76.3187693876278,
            36.9438902292016
          ]
        ]
      },
      "properties": {
        "OBJECTID": 63250,
        "LINKID": "654165",
        "DATA_DATE": 1641013200000,
        "ROUTE_COMMON_NAME": "VA-337W",
        "ROUTE_NAME": "R-VA   SR00337WB",
        "HTRIS_ID": "  SR00337W    ",
        "ROUTE_ALIAS": "          ",
        "START_LABEL": "SR 406 Terminal Blvd",
        "END_LABEL": "Admiral Taussig Blvd",
        "ADT": 24000,
        "ADT_QUALITY": "G",
        "PERCENT_4_TIRE": 94.07758,
        "PERCENT_BUS": 0.37485999999999997,
        "PERCENT_TRUCK_2_AXLE": 0.42493,
        "PERCENT_TRUCK_3_AXLE": 0.49068,
        "PERCENT_TRUCK_1_TRAIL": 4.6347499999999995,
        "PERCENT_TRUCK_2_TRAIL": 3.9999999999999996e-05,
        "CLASS_QUALITY_CODE": "F",
        "K_FACTOR": 0.0927,
        "K_FACTOR_QUALITY_CODE": "F",
        "DIRECTION_FACTOR": 0.5197,
        "AAWDT": 28000,
        "AAWDT_QUALITY_CODE": "G",
        "LOC_COMP_DIRECTIONALITY_NAME": "Master Non-Prime",
        "ROUTE_FROM_MEASURE": 33,
        "FROM_JURISDICTION": "City of Norfolk",
        "ROUTE_TO_MEASURE": 34.94,
        "TO_JURISDICTION": "City of Norfolk",
        "PEAK_SINGLE_UNIT_TRUCK": 0.10382,
        "PEAK_COMBINATION_TRUCK": 0.1854,
        "EVENT_SOURCE_ID": 654165,
        "EVENT_LOCATION_ID": 1,
        "EVENT_COMPONENT_ID": 2,
        "MAXIMUMSCALEDENOMINATOR": 1600000,
        "ROUTE_COMMON_NAME_ADT": "VA-337W - ADT 24000",
        "FROM_DISTRICT": "Hampton Roads",
        "TO_DISTRICT": "Hampton Roads",
        "RTE_TYPE_CD": "SR",
        "RTE_ID": 2402080,
        "DATA_CUSTODIAN_EMAIL": null,
        "METADATA_URL": null,
        "Shape__Length": 3977.682351105887
      }
    },
    {
      "type": "Feature",
      "id": 78298,
      "geometry": {
        "type": "LineString",
        "coordinates": [
          [
            -76.2824717898647,
            36.8706921464243
          ],
          [
            -76.2814851189842,
            36.8704049617869
          ],
          [
            -76.2813225400875,
            36.8703517538294
          ],
          [
            -76.2806781399066,
            36.8701706176789
          ],
          [
            -76.2804137549387,
            36.8700907584124
          ],
          [
            -76.2802879117472,
            36.8700677723755
          ],
          [
            -76.2801209104443,
            36.8700488172442
          ],
          [
            -76.2798818777304,
            36.8700374345333
          ]
        ]
      },
      "properties": {
        "OBJECTID": 78298,
        "LINKID": "654597",
        "DATA_DATE": 1641013200000,
        "ROUTE_COMMON_NAME": "VA-247E",
        "ROUTE_NAME": "R-VA   SR00247EB",
        "HTRIS_ID": "  SR00247     ",
        "ROUTE_ALIAS": "          ",
        "START_LABEL": "Church St",
        "END_LABEL": "27th St",
        "ADT": 10000,
        "ADT_QUALITY": "G",
        "PERCENT_4_TIRE": 97.56414,
        "PERCENT_BUS": 0.6844899999999999,
        "PERCENT_TRUCK_2_AXLE": 1.02864,
        "PERCENT_TRUCK_3_AXLE": 0.28679,
        "PERCENT_TRUCK_1_TRAIL": 0.42827,
        "PERCENT_TRUCK_2_TRAIL": 0.00765,
        "CLASS_QUALITY_CODE": "F",
        "K_FACTOR": 0.09680000000000001,
        "K_FACTOR_QUALITY_CODE": "F",
        "DIRECTION_FACTOR": 0.6104,
        "AAWDT": 19000,
        "AAWDT_QUALITY_CODE": "G",
        "LOC_COMP_DIRECTIONALITY_NAME": "Master Prime",
        "ROUTE_FROM_MEASURE": 1.1300000000000001,
        "FROM_JURISDICTION": "City of Norfolk",
        "ROUTE_TO_MEASURE": 1.34,
        "TO_JURISDICTION": "City of Norfolk",
        "PEAK_SINGLE_UNIT_TRUCK": 0.11229,
        "PEAK_COMBINATION_TRUCK": 0.0077399999999999995,
        "EVENT_SOURCE_ID": 654597,
        "EVENT_LOCATION_ID": 1,
        "EVENT_COMPONENT_ID": 1,
        "MAXIMUMSCALEDENOMINATOR": 400000,
        "ROUTE_COMMON_NAME_ADT": "VA-247E - ADT 10000",
        "FROM_DISTRICT": "Hampton Roads",
        "TO_DISTRICT": "Hampton Roads",
        "RTE_TYPE_CD": "SR",
        "RTE_ID": 1928378,
        "DATA_CUSTODIAN_EMAIL": null,
        "METADATA_URL": null,
        "Shape__Length": 303.7285318461857
      }
    },
    {
      "type": "Feature",
      "id": 67429,
      "geometry": {
        "type": "LineString",
        "coordinates": [
          [
            -76.2849249317005,
            36.8783719894023
          ],
          [
            -76.2849560187992,
            36.8787125639836
          ],
          [
            -76.2849825298799,
            36.8790928859563
          ],
          [
            -76.2850330313685,
            36.8798225751775
          ],
          [
            -76.2850404173168,
            36.879920934324
          ],
          [
            -76.2850478032651,
            36.880019289751
          ],
          [
            -76.2850551730436,
            36.8801183363022
          ],
          [
            -76.2850581976712,
            36.8802488927984
          ],
          [
            -76.2850607758361,
            36.8802777909129
          ],
          [
            -76.285062505093,
            36.8803355174095
          ],
          [
            -76.2850608207519,
            36.8803931777554
          ],
          [
            -76.285059137309,
            36.8804508423691
          ],
          [
            -76.2850496780491,
            36.8805406362845
          ]
        ]
      },
      "properties": {
        "OBJECTID": 67429,
        "LINKID": "654189",
        "DATA_DATE": 1641013200000,
        "ROUTE_COMMON_NAME": "Llewellyn AVE (PR - City of Norfolk)",
        "ROUTE_NAME": "S-VA122PR LLEWELLYN AVE",
        "HTRIS_ID": "26625",
        "ROUTE_ALIAS": "          ",
        "START_LABEL": "35th Street",
        "END_LABEL": "38th Street",
        "ADT": 6800,
        "ADT_QUALITY": "G",
        "PERCENT_4_TIRE": 98.55139,
        "PERCENT_BUS": 0.51574,
        "PERCENT_TRUCK_2_AXLE": 0.59158,
        "PERCENT_TRUCK_3_AXLE": 0.15927,
        "PERCENT_TRUCK_1_TRAIL": 0.18202,
        "PERCENT_TRUCK_2_TRAIL": 0,
        "CLASS_QUALITY_CODE": "C",
        "K_FACTOR": 0.0903,
        "K_FACTOR_QUALITY_CODE": "F",
        "DIRECTION_FACTOR": 0.5271,
        "AAWDT": 7200,
        "AAWDT_QUALITY_CODE": "G",
        "LOC_COMP_DIRECTIONALITY_NAME": "Bidirectional",
        "ROUTE_FROM_MEASURE": 1.53,
        "FROM_JURISDICTION": "City of Norfolk",
        "ROUTE_TO_MEASURE": 1.68,
        "TO_JURISDICTION": "City of Norfolk",
        "PEAK_SINGLE_UNIT_TRUCK": 0.05599,
        "PEAK_COMBINATION_TRUCK": 0.04244,
        "EVENT_SOURCE_ID": 654189,
        "EVENT_LOCATION_ID": 1,
        "EVENT_COMPONENT_ID": 1,
        "MAXIMUMSCALEDENOMINATOR": 400000,
        "ROUTE_COMMON_NAME_ADT": "Llewellyn AVE (PR - City of Norfolk) - ADT 6800",
        "FROM_DISTRICT": "Hampton Roads",
        "TO_DISTRICT": "Hampton Roads",
        "RTE_TYPE_CD": "ST",
        "RTE_ID": 9130165,
        "DATA_CUSTODIAN_EMAIL": null,
        "METADATA_URL": null,
        "Shape__Length": 302.3055297336493
      }
    },
    {
      "type": "Feature",
      "id": 76761,
      "geometry": {
        "type": "LineString",
        "coordinates": [
          [
            -76.2947462692956,
            36.880033449634
          ],
          [
            -76.2976993074173,
            36.8798587474216
          ],
          [
            -76.2981856229728,
            36.8798348970237
          ],
          [
            -76.3004669916549,
            36.8797066004094
          ],
          [
            -76.3020444458702,
            36.8796485263728
          ]
        ]
      },
      "properties": {
        "OBJECTID": 76761,
        "LINKID": "654507",
        "DATA_DATE": 1641013200000,
        "ROUTE_COMMON_NAME": "38Th ST (PR - City of Norfolk)",
        "ROUTE_NAME": "S-VA122PR 38TH ST",
        "HTRIS_ID": "21350",
        "ROUTE_ALIAS": "          ",
        "START_LABEL": "SR 337 Hampton Blvd",
        "END_LABEL": "Colley Ave",
        "ADT": 5700,
        "ADT_QUALITY": "G",
        "PERCENT_4_TIRE": 99.0913,
        "PERCENT_BUS": 0.30609,
        "PERCENT_TRUCK_2_AXLE": 0.39696,
        "PERCENT_TRUCK_3_AXLE": 0.09565,
        "PERCENT_TRUCK_1_TRAIL": 0.11478,
        "PERCENT_TRUCK_2_TRAIL": 0.0047799999999999995,
        "CLASS_QUALITY_CODE": "F",
        "K_FACTOR": 0.08560000000000001,
        "K_FACTOR_QUALITY_CODE": "F",
        "DIRECTION_FACTOR": 0.5285000000000001,
        "AAWDT": 6100,
        "AAWDT_QUALITY_CODE": "G",
        "LOC_COMP_DIRECTIONALITY_NAME": "Bidirectional",
        "ROUTE_FROM_MEASURE": 0.7000000000000001,
        "FROM_JURISDICTION": "City of Norfolk",
        "ROUTE_TO_MEASURE": 1.1,
        "TO_JURISDICTION": "City of Norfolk",
        "PEAK_SINGLE_UNIT_TRUCK": 0.040229999999999995,
        "PEAK_COMBINATION_TRUCK": 0.01969,
        "EVENT_SOURCE_ID": 654507,
        "EVENT_LOCATION_ID": 1,
        "EVENT_COMPONENT_ID": 1,
        "MAXIMUMSCALEDENOMINATOR": 200000,
        "ROUTE_COMMON_NAME_ADT": "38Th ST (PR - City of Norfolk) - ADT 5700",
        "FROM_DISTRICT": "Hampton Roads",
        "TO_DISTRICT": "Hampton Roads",
        "RTE_TYPE_CD": "ST",
        "RTE_ID": 9132789,
        "DATA_CUSTODIAN_EMAIL": null,
        "METADATA_URL": null,
        "Shape__Length": 814.2415722251485
      }
    },
    {
      "type": "Feature",
      "id": 67212,
      "geometry": {
        "type": "LineString",
        "coordinates": [
          [
            -76.2951014380062,
            36.8879305402661
          ],
          [
            -76.2979395232125,
            36.8878381469462
          ],
          [
            -76.2988673014413,
            36.8878074526097
          ],
          [
            -76.2990139612929,
            36.8878056240686
          ],
          [
            -76.2990212645962,
            36.8878055249178
          ],
          [
            -76.2999004727142,
            36.8877938107582
          ],
          [
            -76.2999211411523,
            36.8877935334234
          ],
          [
            -76.3001264466189,
            36.8877905086064
          ],
          [
            -76.3004172887685,
            36.8877863378074
          ],
          [
            -76.3004891539913,
            36.8877849389192
          ],
          [
            -76.3008681352433,
            36.8877756417367
          ],
          [
            -76.3008861886856,
            36.887775198432
          ],
          [
            -76.301403016418,
            36.8877622060845
          ],
          [
            -76.3016950712933,
            36.8877545714716
          ],
          [
            -76.3017247678,
            36.8877537976642
          ],
          [
            -76.302559793179,
            36.8877371309839
          ]
        ]
      },
      "properties": {
        "OBJECTID": 67212,
        "LINKID": "654608",
        "DATA_DATE": 1641013200000,
        "ROUTE_COMMON_NAME": "49Th ST (PR - City of Norfolk)",
        "ROUTE_NAME": "S-VA122PR 49TH ST",
        "HTRIS_ID": "8269",
        "ROUTE_ALIAS": "          ",
        "START_LABEL": "Hampton Blvd",
        "END_LABEL": "Colley Ave",
        "ADT": 2500,
        "ADT_QUALITY": "G",
        "PERCENT_4_TIRE": 96.5162,
        "PERCENT_BUS": 0.86158,
        "PERCENT_TRUCK_2_AXLE": 1.5358699999999998,
        "PERCENT_TRUCK_3_AXLE": 0.76793,
        "PERCENT_TRUCK_1_TRAIL": 0.31840999999999997,
        "PERCENT_TRUCK_2_TRAIL": 0,
        "CLASS_QUALITY_CODE": "C",
        "K_FACTOR": 0.08320000000000001,
        "K_FACTOR_QUALITY_CODE": "F",
        "DIRECTION_FACTOR": 0.5895,
        "AAWDT": 4700,
        "AAWDT_QUALITY_CODE": "G",
        "LOC_COMP_DIRECTIONALITY_NAME": "Bidirectional",
        "ROUTE_FROM_MEASURE": 0.127,
        "FROM_JURISDICTION": "City of Norfolk",
        "ROUTE_TO_MEASURE": 0.537,
        "TO_JURISDICTION": "City of Norfolk",
        "PEAK_SINGLE_UNIT_TRUCK": 0.10898999999999999,
        "PEAK_COMBINATION_TRUCK": 0,
        "EVENT_SOURCE_ID": 654608,
        "EVENT_LOCATION_ID": 1,
        "EVENT_COMPONENT_ID": 1,
        "MAXIMUMSCALEDENOMINATOR": 200000,
        "ROUTE_COMMON_NAME_ADT": "49Th ST (PR - City of Norfolk) - ADT 2500",
        "FROM_DISTRICT": "Hampton Roads",
        "TO_DISTRICT": "Hampton Roads",
        "RTE_TYPE_CD": "ST",
        "RTE_ID": 9136529,
        "DATA_CUSTODIAN_EMAIL": null,
        "METADATA_URL": null,
        "Shape__Length": 830.7349263379384
      }
    },
    {
      "type": "Feature",
      "id": 28827,
      "geometry": {
        "type": "MultiLineString",
        "coordinates": [
          [
            [
              -76.2827421585108,
              36.8700996955483
            ],
            [
              -76.2826332512573,
              36.8703369410563
            ],
            [
              -76.2825924237259,
              36.8704258665198
            ],
            [
              -76.2824717898647,
              36.8706921464243
            ],
            [
              -76.2821571639196,
              36.8713950309391
            ],
            [
              -76.2818427823163,
              36.8720889893314
            ],
            [
              -76.2815283998146,
              36.8727829442939
            ]
          ],
          [
            [
              -76.2815283962214,
              36.8727829407008
            ],
            [
              -76.2814372073385,
              36.8729776526378
            ],
            [
              -76.2813563832175,
              36.8731655134601
            ],
            [
              -76.2812281567955,
              36.8734606837903
            ],
            [
              -76.2811673273761,
              36.8735529443159
            ]
          ]
        ]
      },
      "properties": {
        "OBJECTID": 28827,
        "LINKID": "654206",
        "DATA_DATE": 1641013200000,
        "ROUTE_COMMON_NAME": "US-460E",
        "ROUTE_NAME": "R-VA   US00460EB",
        "HTRIS_ID": "  US00460     ",
        "ROUTE_ALIAS": "          ",
        "START_LABEL": "21st St",
        "END_LABEL": "Church St",
        "ADT": 14000,
        "ADT_QUALITY": "G",
        "PERCENT_4_TIRE": 95.92778,
        "PERCENT_BUS": 2.01021,
        "PERCENT_TRUCK_2_AXLE": 1.19162,
        "PERCENT_TRUCK_3_AXLE": 0.25386,
        "PERCENT_TRUCK_1_TRAIL": 0.58545,
        "PERCENT_TRUCK_2_TRAIL": 0.03109,
        "CLASS_QUALITY_CODE": "F",
        "K_FACTOR": 0.0917,
        "K_FACTOR_QUALITY_CODE": "F",
        "DIRECTION_FACTOR": 0.5191,
        "AAWDT": 26000,
        "AAWDT_QUALITY_CODE": "G",
        "LOC_COMP_DIRECTIONALITY_NAME": "Bidirectional",
        "ROUTE_FROM_MEASURE": 401.446,
        "FROM_JURISDICTION": "City of Norfolk",
        "ROUTE_TO_MEASURE": 401.76,
        "TO_JURISDICTION": "City of Norfolk",
        "PEAK_SINGLE_UNIT_TRUCK": 0.1834,
        "PEAK_COMBINATION_TRUCK": 0.0055000000000000005,
        "EVENT_SOURCE_ID": 654206,
        "EVENT_LOCATION_ID": 1,
        "EVENT_COMPONENT_ID": 2,
        "MAXIMUMSCALEDENOMINATOR": 1600000,
        "ROUTE_COMMON_NAME_ADT": "US-460E - ADT 14000",
        "FROM_DISTRICT": "Hampton Roads",
        "TO_DISTRICT": "Hampton Roads",
        "RTE_TYPE_CD": "US",
        "RTE_ID": 2429646,
        "DATA_CUSTODIAN_EMAIL": null,
        "METADATA_URL": null,
        "Shape__Length": 511.65632755595993
      }
    },
    {
      "type": "Feature",
      "id": 66385,
      "geometry": {
        "type": "MultiLineString",
        "coordinates": [
          [
            [
              -76.2866853017723,
              36.8842591139137
            ],
            [
              -76.2865278908834,
              36.8847307571436
            ],
            [
              -76.2862768629654,
              36.8854801751097
            ],
            [
              -76.2860227107069,
              36.8862192400586
            ],
            [
              -76.2857721508113,
              36.8869521899551
            ],
            [
              -76.2855213456755,
              36.8876933738361
            ],
            [
              -76.2853418191626,
              36.8882188538378
            ],
            [
              -76.2853339032083,
              36.8882557959069
            ],
            [
              -76.2853295841084,
              36.8882866265741
            ],
            [
              -76.2853252389574,
              36.8883181361915
            ],
            [
              -76.2853209189592,
              36.8883489625228
            ],
            [
              -76.2853165827913,
              36.8883804721145
            ],
            [
              -76.2853113321385,
              36.8884428783973
            ]
          ],
          [
            [
              -76.2805249502012,
              36.9014588973833
            ],
            [
              -76.2801907275082,
              36.9022417698136
            ],
            [
              -76.2798492347496,
              36.9030389212841
            ],
            [
              -76.2797240994305,
              36.9033401409088
            ],
            [
              -76.2795259355704,
              36.9037986428684
            ],
            [
              -76.2791883450933,
              36.9045786970055
            ],
            [
              -76.278850853431,
              36.9053553254081
            ],
            [
              -76.2785059344979,
              36.906151723884
            ]
          ],
          [
            [
              -76.2758362286101,
              36.9122567197185
            ],
            [
              -76.2755357457408,
              36.9129358160929
            ],
            [
              -76.2754871846132,
              36.913075011547
            ],
            [
              -76.2754643108111,
              36.9131549371848
            ],
            [
              -76.2754414531787,
              36.9132341804068
            ],
            [
              -76.2754185757833,
              36.9133141058779
            ],
            [
              -76.2753991236642,
              36.9133940980617
            ],
            [
              -76.275383073465,
              36.9134748428794
            ],
            [
              -76.2753670142827,
              36.9135555840204
            ],
            [
              -76.2753543776816,
              36.9136363954636
            ],
            [
              -76.2752419535237,
              36.9143190498962
            ],
            [
              -76.2751514266993,
              36.914894453101
            ],
            [
              -76.2751283876072,
              36.9150408315637
            ]
          ]
        ]
      },
      "properties": {
        "OBJECTID": 66385,
        "LINKID": "654530",
        "DATA_DATE": 1641013200000,
        "ROUTE_COMMON_NAME": "Colonial AVE (PR - City of Norfolk)",
        "ROUTE_NAME": "S-VA122PR COLONIAL AVE",
        "HTRIS_ID": "2135",
        "ROUTE_ALIAS": "          ",
        "START_LABEL": "27Th St",
        "END_LABEL": "New Hampshire Ave",
        "ADT": 2100,
        "ADT_QUALITY": "G",
        "PERCENT_4_TIRE": 99.0913,
        "PERCENT_BUS": 0.30609,
        "PERCENT_TRUCK_2_AXLE": 0.39696,
        "PERCENT_TRUCK_3_AXLE": 0.09565,
        "PERCENT_TRUCK_1_TRAIL": 0.11478,
        "PERCENT_TRUCK_2_TRAIL": 0.0047799999999999995,
        "CLASS_QUALITY_CODE": "F",
        "K_FACTOR": 0.10940000000000001,
        "K_FACTOR_QUALITY_CODE": "F",
        "DIRECTION_FACTOR": 0.7022,
        "AAWDT": 2300,
        "AAWDT_QUALITY_CODE": "G",
        "LOC_COMP_DIRECTIONALITY_NAME": "Bidirectional",
        "ROUTE_FROM_MEASURE": 2.0740000000000003,
        "FROM_JURISDICTION": "City of Norfolk",
        "ROUTE_TO_MEASURE": 2.956,
        "TO_JURISDICTION": "City of Norfolk",
        "PEAK_SINGLE_UNIT_TRUCK": 0.05142,
        "PEAK_COMBINATION_TRUCK": 0.02516,
        "EVENT_SOURCE_ID": 654530,
        "EVENT_LOCATION_ID": 1,
        "EVENT_COMPONENT_ID": 3,
        "MAXIMUMSCALEDENOMINATOR": 200000,
        "ROUTE_COMMON_NAME_ADT": "Colonial AVE (PR - City of Norfolk) - ADT 2100",
        "FROM_DISTRICT": "Hampton Roads",
        "TO_DISTRICT": "Hampton Roads",
        "RTE_TYPE_CD": "ST",
        "RTE_ID": 9139357,
        "DATA_CUSTODIAN_EMAIL": null,
        "METADATA_URL": null,
        "Shape__Length": 1690.4757506068956
      }
    },
    {
      "type": "Feature",
      "id": 27682,
      "geometry": {
        "type": "LineString",
        "coordinates": [
          [
            -76.2811673273761,
            36.8735529443159
          ],
          [
            -76.2809845732163,
            36.8736044347041
          ]
        ]
      },
      "properties": {
        "OBJECTID": 27682,
        "LINKID": "654206",
        "DATA_DATE": 1641013200000,
        "ROUTE_COMMON_NAME": "US-460E",
        "ROUTE_NAME": "R-VA   US00460EB",
        "HTRIS_ID": "  US00460     ",
        "ROUTE_ALIAS": "          ",
        "START_LABEL": "21st St",
        "END_LABEL": "Church St",
        "ADT": 14000,
        "ADT_QUALITY": "G",
        "PERCENT_4_TIRE": 95.92778,
        "PERCENT_BUS": 2.01021,
        "PERCENT_TRUCK_2_AXLE": 1.19162,
        "PERCENT_TRUCK_3_AXLE": 0.25386,
        "PERCENT_TRUCK_1_TRAIL": 0.58545,
        "PERCENT_TRUCK_2_TRAIL": 0.03109,
        "CLASS_QUALITY_CODE": "F",
        "K_FACTOR": 0.0917,
        "K_FACTOR_QUALITY_CODE": "F",
        "DIRECTION_FACTOR": 0.5191,
        "AAWDT": 26000,
        "AAWDT_QUALITY_CODE": "G",
        "LOC_COMP_DIRECTIONALITY_NAME": "Master Prime",
        "ROUTE_FROM_MEASURE": 401.76,
        "FROM_JURISDICTION": "City of Norfolk",
        "ROUTE_TO_MEASURE": 401.77,
        "TO_JURISDICTION": "City of Norfolk",
        "PEAK_SINGLE_UNIT_TRUCK": 0.1834,
        "PEAK_COMBINATION_TRUCK": 0.0055000000000000005,
        "EVENT_SOURCE_ID": 654206,
        "EVENT_LOCATION_ID": 1,
        "EVENT_COMPONENT_ID": 3,
        "MAXIMUMSCALEDENOMINATOR": 1600000,
        "ROUTE_COMMON_NAME_ADT": "US-460E - ADT 14000",
        "FROM_DISTRICT": "Hampton Roads",
        "TO_DISTRICT": "Hampton Roads",
        "RTE_TYPE_CD": "US",
        "RTE_ID": 2429646,
        "DATA_CUSTODIAN_EMAIL": null,
        "METADATA_URL": null,
        "Shape__Length": 21.56901703600343
      }
    },
    {
      "type": "Feature",
      "id": 47003,
      "geometry": {
        "type": "LineString",
        "coordinates": [
          [
            -76.3102354939383,
            36.9177928753617
          ],
          [
            -76.310176249147,
            36.9178302354722
          ],
          [
            -76.310134473893,
            36.9178548640192
          ],
          [
            -76.3100927237919,
            36.9178788174497
          ],
          [
            -76.310050994352,
            36.9179020763729
          ],
          [
            -76.3100092765902,
            36.9179246522806
          ],
          [
            -76.3099675884728,
            36.9179465372733
          ],
          [
            -76.3099258958638,
            36.9179684344692
          ],
          [
            -76.3098842400858,
            36.9179889491245
          ],
          [
            -76.3098391671164,
            36.9180094027274
          ],
          [
            -76.3097941192998,
            36.918029164699
          ],
          [
            -76.3097525057426,
            36.9180483104507
          ],
          [
            -76.3097074983503,
            36.918066702807
          ],
          [
            -76.3096590818514,
            36.9180843467959
          ],
          [
            -76.3096141121883,
            36.9181013609206
          ],
          [
            -76.3095691595931,
            36.9181176970622
          ],
          [
            -76.3095242025064,
            36.918134024582
          ],
          [
            -76.3094758722458,
            36.9181489207296
          ],
          [
            -76.3094275554599,
            36.9181631345862
          ],
          [
            -76.309382660357,
            36.9181774094869
          ],
          [
            -76.3093343848936,
            36.9181902494261
          ],
          [
            -76.3092861175151,
            36.9182030807447
          ],
          [
            -76.3092378618147,
            36.9182152376737
          ],
          [
            -76.3091896438435,
            36.9182260163802
          ],
          [
            -76.3091414348554,
            36.9182367914941
          ],
          [
            -76.3090932420371,
            36.9182468836011
          ],
          [
            -76.3090450815581,
            36.9182556017957
          ],
          [
            -76.3089935083793,
            36.9182642539152
          ],
          [
            -76.3089453730531,
            36.9182722855116
          ],
          [
            -76.3088938573665,
            36.9182788814317
          ],
          [
            -76.3088457642611,
            36.9182855391161
          ],
          [
            -76.3087942602526,
            36.9182914477208
          ],
          [
            -76.3079808267797,
            36.9183786187984
          ],
          [
            -76.3068413255199,
            36.9185002286591
          ],
          [
            -76.3055063760071,
            36.9186360312667
          ],
          [
            -76.3044224409375,
            36.9187291191394
          ],
          [
            -76.3033389577205,
            36.9188064138609
          ],
          [
            -76.3022524741305,
            36.9188692132507
          ],
          [
            -76.3011664414947,
            36.9189162102374
          ],
          [
            -76.3001041728914,
            36.918969831783
          ],
          [
            -76.2995521491662,
            36.9190089508823
          ],
          [
            -76.2990033270366,
            36.9190556827709
          ],
          [
            -76.2989209721863,
            36.9190637602481
          ],
          [
            -76.2988592157054,
            36.9190694662631
          ],
          [
            -76.2988489165207,
            36.9190706534301
          ],
          [
            -76.2987185260572,
            36.9190833194171
          ],
          [
            -76.2985846932496,
            36.9190966102265
          ],
          [
            -76.29655288374,
            36.9193092434709
          ],
          [
            -76.2941877741071,
            36.9195691556715
          ],
          [
            -76.2899933828404,
            36.9200178668097
          ],
          [
            -76.2865542699117,
            36.9203790058739
          ]
        ]
      },
      "properties": {
        "OBJECTID": 47003,
        "LINKID": "150120",
        "DATA_DATE": 1641013200000,
        "ROUTE_COMMON_NAME": "VA-406W",
        "ROUTE_NAME": "R-VA   SR00406WB",
        "HTRIS_ID": "  SR00406W    ",
        "ROUTE_ALIAS": "          ",
        "START_LABEL": "SR 337 Hampton Blvd",
        "END_LABEL": "Ruthven Rd",
        "ADT": 20000,
        "ADT_QUALITY": "A",
        "PERCENT_4_TIRE": 96.33549,
        "PERCENT_BUS": 0.29735,
        "PERCENT_TRUCK_2_AXLE": 0.6157199999999999,
        "PERCENT_TRUCK_3_AXLE": 0.33543,
        "PERCENT_TRUCK_1_TRAIL": 2.42009,
        "PERCENT_TRUCK_2_TRAIL": 0.00016999999999999999,
        "CLASS_QUALITY_CODE": "C",
        "K_FACTOR": 0.0945,
        "K_FACTOR_QUALITY_CODE": "A",
        "DIRECTION_FACTOR": 0.5528000000000001,
        "AAWDT": 22000,
        "AAWDT_QUALITY_CODE": "A",
        "LOC_COMP_DIRECTIONALITY_NAME": "Master Non-Prime",
        "ROUTE_FROM_MEASURE": 0,
        "FROM_JURISDICTION": "City of Norfolk",
        "ROUTE_TO_MEASURE": 1.33,
        "TO_JURISDICTION": "City of Norfolk",
        "PEAK_SINGLE_UNIT_TRUCK": 0.06426,
        "PEAK_COMBINATION_TRUCK": 0.19845,
        "EVENT_SOURCE_ID": 150120,
        "EVENT_LOCATION_ID": 1,
        "EVENT_COMPONENT_ID": 2,
        "MAXIMUMSCALEDENOMINATOR": 1600000,
        "ROUTE_COMMON_NAME_ADT": "VA-406W - ADT 20000",
        "FROM_DISTRICT": "Hampton Roads",
        "TO_DISTRICT": "Hampton Roads",
        "RTE_TYPE_CD": "SR",
        "RTE_ID": 2394844,
        "DATA_CUSTODIAN_EMAIL": null,
        "METADATA_URL": null,
        "Shape__Length": 2670.599407588451
      }
    },
    {
      "type": "Feature",
      "id": 66451,
      "geometry": {
        "type": "LineString",
        "coordinates": [
          [
            -76.3123455736586,
            36.8796045159673
          ],
          [
            -76.3123467747061,
            36.8796193219132
          ]
        ]
      },
      "properties": {
        "OBJECTID": 66451,
        "LINKID": "654572",
        "DATA_DATE": 1641013200000,
        "ROUTE_COMMON_NAME": "Powhatan AVE (PR - City of Norfolk)",
        "ROUTE_NAME": "S-VA122PR POWHATAN AVE",
        "HTRIS_ID": "15878",
        "ROUTE_ALIAS": "          ",
        "START_LABEL": "Powhatan Avenue",
        "END_LABEL": "38th St",
        "ADT": 5200,
        "ADT_QUALITY": "G",
        "PERCENT_4_TIRE": 99.0913,
        "PERCENT_BUS": 0.30609,
        "PERCENT_TRUCK_2_AXLE": 0.39696,
        "PERCENT_TRUCK_3_AXLE": 0.09565,
        "PERCENT_TRUCK_1_TRAIL": 0.11478,
        "PERCENT_TRUCK_2_TRAIL": 0.0047799999999999995,
        "CLASS_QUALITY_CODE": "F",
        "K_FACTOR": 0.07730000000000001,
        "K_FACTOR_QUALITY_CODE": "F",
        "DIRECTION_FACTOR": 0.5524,
        "AAWDT": 9700,
        "AAWDT_QUALITY_CODE": "G",
        "LOC_COMP_DIRECTIONALITY_NAME": "Bidirectional",
        "ROUTE_FROM_MEASURE": 0.1,
        "FROM_JURISDICTION": "City of Norfolk",
        "ROUTE_TO_MEASURE": 0.101,
        "TO_JURISDICTION": "City of Norfolk",
        "PEAK_SINGLE_UNIT_TRUCK": 0.03633,
        "PEAK_COMBINATION_TRUCK": 0.01778,
        "EVENT_SOURCE_ID": 654572,
        "EVENT_LOCATION_ID": 1,
        "EVENT_COMPONENT_ID": 1,
        "MAXIMUMSCALEDENOMINATOR": 200000,
        "ROUTE_COMMON_NAME_ADT": "Powhatan AVE (PR - City of Norfolk) - ADT 5200",
        "FROM_DISTRICT": "Hampton Roads",
        "TO_DISTRICT": "Hampton Roads",
        "RTE_TYPE_CD": "ST",
        "RTE_ID": 9134297,
        "DATA_CUSTODIAN_EMAIL": null,
        "METADATA_URL": null,
        "Shape__Length": 2.0648331466076826
      }
    },
    {
      "type": "Feature",
      "id": 90192,
      "geometry": {
        "type": "LineString",
        "coordinates": [
          [
            -76.3025597886875,
            36.8877371309839
          ],
          [
            -76.3025946253542,
            36.887951390627
          ],
          [
            -76.3026585907923,
            36.8882225159295
          ],
          [
            -76.3028247279159,
            36.8888570645983
          ],
          [
            -76.3029399781736,
            36.8892972808689
          ],
          [
            -76.3029603735238,
            36.8893751794685
          ],
          [
            -76.3029853781297,
            36.8894566940391
          ],
          [
            -76.303013816995,
            36.8895375834559
          ],
          [
            -76.3030422567586,
            36.8896184735056
          ],
          [
            -76.303074155036,
            36.8896980601723
          ],
          [
            -76.3031094462502,
            36.889778391086
          ],
          [
            -76.3031413651889,
            36.8898572907341
          ],
          [
            -76.3031801194086,
            36.8899363145948
          ],
          [
            -76.3032577284592,
            36.8900909278215
          ],
          [
            -76.3038987195336,
            36.8912238330353
          ],
          [
            -76.3039279570012,
            36.8912772649776
          ],
          [
            -76.3039407759602,
            36.8913070318359
          ],
          [
            -76.3039535787497,
            36.8913374984534
          ],
          [
            -76.3039599756528,
            36.89135272601
          ],
          [
            -76.3039663563863,
            36.8913686396835
          ],
          [
            -76.3039757114417,
            36.8913997313279
          ],
          [
            -76.3039786947467,
            36.8914148920563
          ],
          [
            -76.3039880426156,
            36.8914466662088
          ],
          [
            -76.3039939634116,
            36.89147836994
          ],
          [
            -76.3039969215639,
            36.8914942261115
          ],
          [
            -76.3039998806144,
            36.8915100700659
          ],
          [
            -76.3040023878123,
            36.8915417155765
          ],
          [
            -76.3040053549477,
            36.8915575674241
          ],
          [
            -76.3040044153099,
            36.8915898300619
          ],
          [
            -76.3040068982534,
            36.8916221587833
          ],
          [
            -76.3040064347227,
            36.891637944517
          ],
          [
            -76.30400209047,
            36.8916701532373
          ],
          [
            -76.304001175985,
            36.8917017246815
          ],
          [
            -76.3039972988563,
            36.8917174522045
          ],
          [
            -76.3039929456204,
            36.8917496486777
          ],
          [
            -76.3039851949561,
            36.8917811001084
          ],
          [
            -76.3039736839441,
            36.8918241580208
          ],
          [
            -76.3039280064085,
            36.8919840221264
          ],
          [
            -76.303890141521,
            36.8921103820237
          ],
          [
            -76.3036888128961,
            36.8928023797995
          ],
          [
            -76.3036473268997,
            36.8929355426445
          ],
          [
            -76.3034461105642,
            36.8936234271182
          ],
          [
            -76.3034045706689,
            36.8937586425156
          ],
          [
            -76.3031994475602,
            36.8944629419605
          ],
          [
            -76.3029871370311,
            36.8951794644746
          ],
          [
            -76.3028811052848,
            36.8955332633139
          ],
          [
            -76.3028697928004,
            36.895569456133
          ],
          [
            -76.302861901999,
            36.8956057078445
          ],
          [
            -76.3028505688534,
            36.895642592458
          ],
          [
            -76.3028392644538,
            36.8956787816332
          ],
          [
            -76.3028313449063,
            36.8957157236841
          ],
          [
            -76.3028234325453,
            36.8957526657172
          ],
          [
            -76.3028189436638,
            36.8957896702339
          ],
          [
            -76.3028110322011,
            36.8958266086392
          ],
          [
            -76.3028019250807,
            36.8959047383685
          ],
          [
            -76.3027964543406,
            36.8959753829374
          ],
          [
            -76.3027919609676,
            36.8960123873462
          ],
          [
            -76.3027908686162,
            36.8960501410346
          ],
          [
            -76.3027897969261,
            36.8960872115004
          ],
          [
            -76.3027921226643,
            36.8961250305267
          ],
          [
            -76.3027944645723,
            36.8961621677679
          ],
          [
            -76.3027933722209,
            36.8961999206638
          ],
          [
            -76.3028221048353,
            36.8966249183751
          ],
          [
            -76.3028707737607,
            36.8981320715696
          ],
          [
            -76.3028751844888,
            36.8982159488985
          ],
          [
            -76.3028726566295,
            36.8983031285509
          ],
          [
            -76.3028736286067,
            36.8983876263758
          ],
          [
            -76.3028780393348,
            36.8984714998319
          ],
          [
            -76.3028824338931,
            36.8985560678718
          ],
          [
            -76.3028902672024,
            36.8986400079524
          ],
          [
            -76.3028980744605,
            36.8987246339944
          ],
          [
            -76.3029093213679,
            36.8988086356702
          ],
          [
            -76.3029205925297,
            36.898891958385
          ],
          [
            -76.3029386917861,
            36.8989754052884
          ],
          [
            -76.3029530244065,
            36.8990711421071
          ],
          [
            -76.3029711317476,
            36.8991545888146
          ],
          [
            -76.3029892552585,
            36.8992373450714
          ],
          [
            -76.3030108013506,
            36.8993201716391
          ],
          [
            -76.3030357852953,
            36.8994023731311
          ],
          [
            -76.3030607899012,
            36.8994838877692
          ],
          [
            -76.3031424036414,
            36.8997367980336
          ],
          [
            -76.3033646163,
            36.9004497661338
          ],
          [
            -76.3034823243483,
            36.9008736884983
          ],
          [
            -76.3034829118465,
            36.9008758522008
          ],
          [
            -76.3037948644053,
            36.9020114391305
          ],
          [
            -76.3039002376864,
            36.9023891085616
          ],
          [
            -76.3047225474127,
            36.9054155671682
          ],
          [
            -76.305190487929,
            36.9072135209961
          ],
          [
            -76.3054204000479,
            36.9081347408269
          ],
          [
            -76.3054661063295,
            36.9084467347877
          ],
          [
            -76.3055215323826,
            36.9090137216237
          ],
          [
            -76.3055742769645,
            36.9095552484425
          ],
          [
            -76.3056342628659,
            36.9102013082094
          ],
          [
            -76.3057313896127,
            36.9112189590959
          ],
          [
            -76.305739619079,
            36.9112891649941
          ],
          [
            -76.3057478745965,
            36.9113586927882
          ],
          [
            -76.3057646694991,
            36.9114874404266
          ],
          [
            -76.3057849076441,
            36.9116155715808
          ],
          [
            -76.30582310401,
            36.9118326365028
          ],
          [
            -76.3058469830269,
            36.9119532821275
          ],
          [
            -76.3058777188843,
            36.9120733658858
          ],
          [
            -76.3059276580276,
            36.912239138306
          ],
          [
            -76.3060869958028,
            36.9127627355692
          ],
          [
            -76.3061534576591,
            36.9129487380764
          ],
          [
            -76.3062011582007,
            36.9130739442336
          ],
          [
            -76.3062523181544,
            36.9131978422618
          ],
          [
            -76.3063069078759,
            36.9133211195262
          ],
          [
            -76.3063615272418,
            36.9134437063606
          ],
          [
            -76.3064229980584,
            36.9135657385156
          ],
          [
            -76.306484514689,
            36.9136863921726
          ],
          [
            -76.3065494494094,
            36.9138071167445
          ],
          [
            -76.3066144416219,
            36.9139257812192
          ],
          [
            -76.3066862942682,
            36.9140438816935
          ],
          [
            -76.306803978062,
            36.9142335792683
          ],
          [
            -76.3068793359345,
            36.9143490038449
          ],
          [
            -76.3069581271681,
            36.9144638026661
          ],
          [
            -76.3070662439041,
            36.9146292861897
          ],
          [
            -76.3071385771491,
            36.914730914402
          ],
          [
            -76.3072240931709,
            36.9148499588191
          ],
          [
            -76.3072703411367,
            36.9149071434831
          ],
          [
            -76.3073263052806,
            36.9149830551802
          ],
          [
            -76.3073989978516,
            36.9150723243894
          ],
          [
            -76.3074883083572,
            36.9151783884938
          ],
          [
            -76.3076107666967,
            36.9153214740696
          ],
          [
            -76.3076970148455,
            36.915415120457
          ],
          [
            -76.3077867224064,
            36.9155074559725
          ],
          [
            -76.3078764551201,
            36.9155991083471
          ],
          [
            -76.3079662372412,
            36.9156886957255
          ],
          [
            -76.3080594697913,
            36.9157776624562
          ]
        ]
      },
      "properties": {
        "OBJECTID": 90192,
        "LINKID": "150119",
        "DATA_DATE": 1641013200000,
        "ROUTE_COMMON_NAME": "VA-337E",
        "ROUTE_NAME": "R-VA   SR00337EB",
        "HTRIS_ID": "  SR00337     ",
        "ROUTE_ALIAS": "          ",
        "START_LABEL": "49th St, Old Dominion University",
        "END_LABEL": "SR 165 Little Creek Rd",
        "ADT": 29000,
        "ADT_QUALITY": "A",
        "PERCENT_4_TIRE": 94.07758,
        "PERCENT_BUS": 0.37485999999999997,
        "PERCENT_TRUCK_2_AXLE": 0.42493,
        "PERCENT_TRUCK_3_AXLE": 0.49068,
        "PERCENT_TRUCK_1_TRAIL": 4.6347499999999995,
        "PERCENT_TRUCK_2_TRAIL": 3.9999999999999996e-05,
        "CLASS_QUALITY_CODE": "C",
        "K_FACTOR": 0.1003,
        "K_FACTOR_QUALITY_CODE": "A",
        "DIRECTION_FACTOR": 0.5826,
        "AAWDT": 34000,
        "AAWDT_QUALITY_CODE": "A",
        "LOC_COMP_DIRECTIONALITY_NAME": "Master Prime",
        "ROUTE_FROM_MEASURE": 30.75,
        "FROM_JURISDICTION": "City of Norfolk",
        "ROUTE_TO_MEASURE": 32.82,
        "TO_JURISDICTION": "City of Norfolk",
        "PEAK_SINGLE_UNIT_TRUCK": 0.11234,
        "PEAK_COMBINATION_TRUCK": 0.2006,
        "EVENT_SOURCE_ID": 150119,
        "EVENT_LOCATION_ID": 1,
        "EVENT_COMPONENT_ID": 1,
        "MAXIMUMSCALEDENOMINATOR": 1600000,
        "ROUTE_COMMON_NAME_ADT": "VA-337E - ADT 29000",
        "FROM_DISTRICT": "Hampton Roads",
        "TO_DISTRICT": "Hampton Roads",
        "RTE_TYPE_CD": "SR",
        "RTE_ID": 2133369,
        "DATA_CUSTODIAN_EMAIL": null,
        "METADATA_URL": null,
        "Shape__Length": 4039.122235339313
      }
    },
    {
      "type": "Feature",
      "id": 76887,
      "geometry": {
        "type": "LineString",
        "coordinates": [
          [
            -76.2864183179783,
            36.8782923039819
          ],
          [
            -76.2874869547386,
            36.8782355043382
          ],
          [
            -76.2885008535554,
            36.878179726465
          ],
          [
            -76.2904087602345,
            36.8780748253225
          ],
          [
            -76.2925701580121,
            36.8779547297388
          ],
          [
            -76.294502060489,
            36.8778474656046
          ],
          [
            -76.2947897863829,
            36.8778315721072
          ]
        ]
      },
      "properties": {
        "OBJECTID": 76887,
        "LINKID": "654275",
        "DATA_DATE": 1641013200000,
        "ROUTE_COMMON_NAME": "35Th ST W (PR - City of Norfolk)",
        "ROUTE_NAME": "S-VA122PR 35TH ST W",
        "HTRIS_ID": "43013",
        "ROUTE_ALIAS": "          ",
        "START_LABEL": "Colley Ave",
        "END_LABEL": "Debree Ave",
        "ADT": 2900,
        "ADT_QUALITY": "G",
        "PERCENT_4_TIRE": 98.44399,
        "PERCENT_BUS": 0.50385,
        "PERCENT_TRUCK_2_AXLE": 0.60759,
        "PERCENT_TRUCK_3_AXLE": 0.28156,
        "PERCENT_TRUCK_1_TRAIL": 0.16301,
        "PERCENT_TRUCK_2_TRAIL": 0,
        "CLASS_QUALITY_CODE": "C",
        "K_FACTOR": 0.08600000000000001,
        "K_FACTOR_QUALITY_CODE": "F",
        "DIRECTION_FACTOR": 0.5667,
        "AAWDT": 3100,
        "AAWDT_QUALITY_CODE": "G",
        "LOC_COMP_DIRECTIONALITY_NAME": "Bidirectional",
        "ROUTE_FROM_MEASURE": 0.23,
        "FROM_JURISDICTION": "City of Norfolk",
        "ROUTE_TO_MEASURE": 0.6900000000000001,
        "TO_JURISDICTION": "City of Norfolk",
        "PEAK_SINGLE_UNIT_TRUCK": 0.05762,
        "PEAK_COMBINATION_TRUCK": 0,
        "EVENT_SOURCE_ID": 654275,
        "EVENT_LOCATION_ID": 1,
        "EVENT_COMPONENT_ID": 1,
        "MAXIMUMSCALEDENOMINATOR": 200000,
        "ROUTE_COMMON_NAME_ADT": "35Th ST W (PR - City of Norfolk) - ADT 2900",
        "FROM_DISTRICT": "Hampton Roads",
        "TO_DISTRICT": "Hampton Roads",
        "RTE_TYPE_CD": "ST",
        "RTE_ID": 9127827,
        "DATA_CUSTODIAN_EMAIL": null,
        "METADATA_URL": null,
        "Shape__Length": 934.1111294187053
      }
    },
    {
      "type": "Feature",
      "id": 27530,
      "geometry": {
        "type": "LineString",
        "coordinates": [
          [
            -76.2809845732163,
            36.8736044347041
          ],
          [
            -76.2812672092559,
            36.874580281376
          ],
          [
            -76.2813447599161,
            36.8748516762059
          ],
          [
            -76.281410460001,
            36.8751777888012
          ],
          [
            -76.2814886152273,
            36.8755453574344
          ],
          [
            -76.2815567236955,
            36.8760226243111
          ],
          [
            -76.2815953620325,
            36.8761217989253
          ],
          [
            -76.281604432322,
            36.8761450950101
          ],
          [
            -76.2816283490681,
            36.8763797621203
          ],
          [
            -76.281724159783,
            36.8767284253893
          ],
          [
            -76.281822093217,
            36.8770964708859
          ],
          [
            -76.2818702276449,
            36.8772994793608
          ],
          [
            -76.2819320919235,
            36.8775183902034
          ],
          [
            -76.2819654014543,
            36.877651640068
          ],
          [
            -76.2819881845265,
            36.8777903178384
          ],
          [
            -76.2820046362726,
            36.877920513996
          ],
          [
            -76.2820088736258,
            36.8780180750988
          ],
          [
            -76.2820083355349,
            36.878160825084
          ],
          [
            -76.2820129241294,
            36.8785122402541
          ],
          [
            -76.2820243533948,
            36.8792470274885
          ],
          [
            -76.2820110331757,
            36.8799741837591
          ],
          [
            -76.282012928621,
            36.8807089662684
          ]
        ]
      },
      "properties": {
        "OBJECTID": 27530,
        "LINKID": "654152",
        "DATA_DATE": 1641013200000,
        "ROUTE_COMMON_NAME": "US-460E",
        "ROUTE_NAME": "R-VA   US00460EB",
        "HTRIS_ID": "  US00460     ",
        "ROUTE_ALIAS": "          ",
        "START_LABEL": "Church St",
        "END_LABEL": "Llewellyn Ave",
        "ADT": 24000,
        "ADT_QUALITY": "G",
        "PERCENT_4_TIRE": 95.92778,
        "PERCENT_BUS": 2.01021,
        "PERCENT_TRUCK_2_AXLE": 1.19162,
        "PERCENT_TRUCK_3_AXLE": 0.25386,
        "PERCENT_TRUCK_1_TRAIL": 0.58545,
        "PERCENT_TRUCK_2_TRAIL": 0.03109,
        "CLASS_QUALITY_CODE": "F",
        "K_FACTOR": 0.0845,
        "K_FACTOR_QUALITY_CODE": "F",
        "DIRECTION_FACTOR": 0.5915,
        "AAWDT": 25000,
        "AAWDT_QUALITY_CODE": "G",
        "LOC_COMP_DIRECTIONALITY_NAME": "Master Prime",
        "ROUTE_FROM_MEASURE": 401.77,
        "FROM_JURISDICTION": "City of Norfolk",
        "ROUTE_TO_MEASURE": 402.16,
        "TO_JURISDICTION": "City of Norfolk",
        "PEAK_SINGLE_UNIT_TRUCK": 0.169,
        "PEAK_COMBINATION_TRUCK": 0.00507,
        "EVENT_SOURCE_ID": 654152,
        "EVENT_LOCATION_ID": 1,
        "EVENT_COMPONENT_ID": 1,
        "MAXIMUMSCALEDENOMINATOR": 1600000,
        "ROUTE_COMMON_NAME_ADT": "US-460E - ADT 24000",
        "FROM_DISTRICT": "Hampton Roads",
        "TO_DISTRICT": "Hampton Roads",
        "RTE_TYPE_CD": "US",
        "RTE_ID": 2429646,
        "DATA_CUSTODIAN_EMAIL": null,
        "METADATA_URL": null,
        "Shape__Length": 1000.15799391954
      }
    },
    {
      "type": "Feature",
      "id": 66906,
      "geometry": {
        "type": "LineString",
        "coordinates": [
          [
            -76.302559793179,
            36.8877371309839
          ],
          [
            -76.302727672136,
            36.8877272252393
          ],
          [
            -76.3041907447645,
            36.8876848001566
          ],
          [
            -76.3055072527628,
            36.8876466126764
          ],
          [
            -76.3055755723351,
            36.887649256702
          ],
          [
            -76.3056405438864,
            36.8876497862256
          ],
          [
            -76.305708995511,
            36.8876483133309
          ],
          [
            -76.3057774803733,
            36.8876454745958
          ],
          [
            -76.3058426136213,
            36.8876405048333
          ],
          [
            -76.3059558318898,
            36.8876281993349
          ],
          [
            -76.3060520234905,
            36.8876135098995
          ],
          [
            -76.3060932480772,
            36.8876074106754
          ],
          [
            -76.3061035391771,
            36.8876062273297
          ],
          [
            -76.3061344277481,
            36.8876026816031
          ],
          [
            -76.3061756029275,
            36.8875979561229
          ],
          [
            -76.3062167655304,
            36.8875939218257
          ],
          [
            -76.3062579083704,
            36.8875905700898
          ],
          [
            -76.306299021566,
            36.8875879009152
          ],
          [
            -76.3063709487725,
            36.8875844335027
          ],
          [
            -76.3068263299429,
            36.8875675225003
          ],
          [
            -76.3073296281488,
            36.8875494403617
          ],
          [
            -76.3077370725206,
            36.8875343830462
          ],
          [
            -76.3082095270713,
            36.8875184685734
          ],
          [
            -76.3103595620588,
            36.8874445348468
          ],
          [
            -76.3104588366775,
            36.8874415804276
          ],
          [
            -76.3106231816621,
            36.8874357125428
          ],
          [
            -76.3115479846707,
            36.8874062559985
          ],
          [
            -76.3127456716081,
            36.8873680928076
          ],
          [
            -76.3147620552476,
            36.887303270088
          ],
          [
            -76.3149024224006,
            36.8872983254502
          ],
          [
            -76.3163540954082,
            36.8872463255456
          ]
        ]
      },
      "properties": {
        "OBJECTID": 66906,
        "LINKID": "654609",
        "DATA_DATE": 1641013200000,
        "ROUTE_COMMON_NAME": "49Th ST (PR - City of Norfolk)",
        "ROUTE_NAME": "S-VA122PR 49TH ST",
        "HTRIS_ID": "8269",
        "ROUTE_ALIAS": "          ",
        "START_LABEL": "Powhatan Ave",
        "END_LABEL": "SR 337 Hampton Blvd",
        "ADT": 4000,
        "ADT_QUALITY": "G",
        "PERCENT_4_TIRE": 97.5471,
        "PERCENT_BUS": 0.52139,
        "PERCENT_TRUCK_2_AXLE": 1.5641699999999998,
        "PERCENT_TRUCK_3_AXLE": 0.17775,
        "PERCENT_TRUCK_1_TRAIL": 0.17775,
        "PERCENT_TRUCK_2_TRAIL": 0.01185,
        "CLASS_QUALITY_CODE": "C",
        "K_FACTOR": 0.0753,
        "K_FACTOR_QUALITY_CODE": "F",
        "DIRECTION_FACTOR": 0.5262,
        "AAWDT": 7400,
        "AAWDT_QUALITY_CODE": "G",
        "LOC_COMP_DIRECTIONALITY_NAME": "Bidirectional",
        "ROUTE_FROM_MEASURE": 0.537,
        "FROM_JURISDICTION": "City of Norfolk",
        "ROUTE_TO_MEASURE": 1.3170000000000002,
        "TO_JURISDICTION": "City of Norfolk",
        "PEAK_SINGLE_UNIT_TRUCK": 0.06928,
        "PEAK_COMBINATION_TRUCK": 0,
        "EVENT_SOURCE_ID": 654609,
        "EVENT_LOCATION_ID": 1,
        "EVENT_COMPONENT_ID": 1,
        "MAXIMUMSCALEDENOMINATOR": 200000,
        "ROUTE_COMMON_NAME_ADT": "49Th ST (PR - City of Norfolk) - ADT 4000",
        "FROM_DISTRICT": "Hampton Roads",
        "TO_DISTRICT": "Hampton Roads",
        "RTE_TYPE_CD": "ST",
        "RTE_ID": 9136529,
        "DATA_CUSTODIAN_EMAIL": null,
        "METADATA_URL": null,
        "Shape__Length": 1537.4514980505778
      }
    },
    {
      "type": "Feature",
      "id": 117909,
      "geometry": {
        "type": "LineString",
        "coordinates": [
          [
            -76.2815187051961,
            36.8747505604234
          ],
          [
            -76.2813447599161,
            36.8748516762059
          ]
        ]
      },
      "properties": {
        "OBJECTID": 117909,
        "LINKID": "654606",
        "DATA_DATE": 1641013200000,
        "ROUTE_COMMON_NAME": "Granby ST (PR - City of Norfolk)",
        "ROUTE_NAME": "S-VA122PR GRANBY ST",
        "HTRIS_ID": "26317",
        "ROUTE_ALIAS": "          ",
        "START_LABEL": "Brambleton Ave",
        "END_LABEL": "Church St",
        "ADT": 7800,
        "ADT_QUALITY": "G",
        "PERCENT_4_TIRE": 97.71320999999999,
        "PERCENT_BUS": 1.15506,
        "PERCENT_TRUCK_2_AXLE": 0.6592,
        "PERCENT_TRUCK_3_AXLE": 0.37918999999999997,
        "PERCENT_TRUCK_1_TRAIL": 0.09917,
        "PERCENT_TRUCK_2_TRAIL": 0.00583,
        "CLASS_QUALITY_CODE": "F",
        "K_FACTOR": 0.08800000000000001,
        "K_FACTOR_QUALITY_CODE": "F",
        "DIRECTION_FACTOR": 0.5428000000000001,
        "AAWDT": 8200,
        "AAWDT_QUALITY_CODE": "G",
        "LOC_COMP_DIRECTIONALITY_NAME": "Master Prime",
        "ROUTE_FROM_MEASURE": 2.06,
        "FROM_JURISDICTION": "City of Norfolk",
        "ROUTE_TO_MEASURE": 2.072,
        "TO_JURISDICTION": "City of Norfolk",
        "PEAK_SINGLE_UNIT_TRUCK": 0.13552,
        "PEAK_COMBINATION_TRUCK": 0.01056,
        "EVENT_SOURCE_ID": 654606,
        "EVENT_LOCATION_ID": 1,
        "EVENT_COMPONENT_ID": 2,
        "MAXIMUMSCALEDENOMINATOR": 200000,
        "ROUTE_COMMON_NAME_ADT": "Granby ST (PR - City of Norfolk) - ADT 7800",
        "FROM_DISTRICT": "Hampton Roads",
        "TO_DISTRICT": "Hampton Roads",
        "RTE_TYPE_CD": "ST",
        "RTE_ID": 9130319,
        "DATA_CUSTODIAN_EMAIL": null,
        "METADATA_URL": null,
        "Shape__Length": 23.93618573053043
      }
    },
    {
      "type": "Feature",
      "id": 6073,
      "geometry": {
        "type": "LineString",
        "coordinates": [
          [
            -76.2961898826185,
            36.8709592245308
          ],
          [
            -76.2962000569374,
            36.8710796099469
          ],
          [
            -76.296178276385,
            36.8711231559924
          ],
          [
            -76.2961636859482,
            36.8711544750663
          ],
          [
            -76.2961490964096,
            36.871185802751
          ],
          [
            -76.2961379078928,
            36.8712178749337
          ],
          [
            -76.2961233012862,
            36.8712498809881
          ],
          [
            -76.2961121289391,
            36.8712812661248
          ],
          [
            -76.2961009152694,
            36.8713140209744
          ],
          [
            -76.2960931403506,
            36.871346159218
          ],
          [
            -76.2958816616613,
            36.8720338372097
          ],
          [
            -76.295692899569,
            36.8726457061825
          ],
          [
            -76.2954139538087,
            36.8736542499615
          ],
          [
            -76.2953794980276,
            36.8737806639093
          ],
          [
            -76.2952621834414,
            36.8744048595772
          ],
          [
            -76.2952419372115,
            36.8745130009373
          ],
          [
            -76.2951308165092,
            36.8751592926879
          ]
        ]
      },
      "properties": {
        "OBJECTID": 6073,
        "LINKID": "654137",
        "DATA_DATE": 1641013200000,
        "ROUTE_COMMON_NAME": "Colley AVE (NP - City of Norfolk)",
        "ROUTE_NAME": "S-VA122NP COLLEY AVE",
        "HTRIS_ID": "32255",
        "ROUTE_ALIAS": "          ",
        "START_LABEL": "21st Street",
        "END_LABEL": "27th Street",
        "ADT": 6100,
        "ADT_QUALITY": "G",
        "PERCENT_4_TIRE": 99.08147,
        "PERCENT_BUS": 0.13180999999999998,
        "PERCENT_TRUCK_2_AXLE": 0.46956,
        "PERCENT_TRUCK_3_AXLE": 0.19771,
        "PERCENT_TRUCK_1_TRAIL": 0.11943999999999999,
        "PERCENT_TRUCK_2_TRAIL": 0,
        "CLASS_QUALITY_CODE": "F",
        "K_FACTOR": 0.0983,
        "K_FACTOR_QUALITY_CODE": "F",
        "DIRECTION_FACTOR": 0.5263,
        "AAWDT": 6400,
        "AAWDT_QUALITY_CODE": "G",
        "LOC_COMP_DIRECTIONALITY_NAME": "Master Non-Prime",
        "ROUTE_FROM_MEASURE": 1.19,
        "FROM_JURISDICTION": "City of Norfolk",
        "ROUTE_TO_MEASURE": 1.48,
        "TO_JURISDICTION": "City of Norfolk",
        "PEAK_SINGLE_UNIT_TRUCK": 0.06783,
        "PEAK_COMBINATION_TRUCK": 0.022609999999999998,
        "EVENT_SOURCE_ID": 654137,
        "EVENT_LOCATION_ID": 1,
        "EVENT_COMPONENT_ID": 2,
        "MAXIMUMSCALEDENOMINATOR": 400000,
        "ROUTE_COMMON_NAME_ADT": "Colley AVE (NP - City of Norfolk) - ADT 6100",
        "FROM_DISTRICT": "Hampton Roads",
        "TO_DISTRICT": "Hampton Roads",
        "RTE_TYPE_CD": "ST",
        "RTE_ID": 9129416,
        "DATA_CUSTODIAN_EMAIL": null,
        "METADATA_URL": null,
        "Shape__Length": 597.640521092707
      }
    },
    {
      "type": "Feature",
      "id": 67507,
      "geometry": {
        "type": "LineString",
        "coordinates": [
          [
            -76.2961898781269,
            36.8709592245308
          ],
          [
            -76.2960311646808,
            36.8708903052716
          ],
          [
            -76.2959163617842,
            36.8708400685239
          ],
          [
            -76.295548580727,
            36.8706697031454
          ],
          [
            -76.2955136703985,
            36.8706532842621
          ],
          [
            -76.2951044213112,
            36.8704608639146
          ],
          [
            -76.2950358331427,
            36.8704286139082
          ],
          [
            -76.2944049876411,
            36.8701331127812
          ],
          [
            -76.2935886121856,
            36.8697503164253
          ],
          [
            -76.2932366917832,
            36.8695916274816
          ],
          [
            -76.2918772335345,
            36.8689852986371
          ],
          [
            -76.2912750631551,
            36.8688798882714
          ],
          [
            -76.2902203089592,
            36.8686993271551
          ],
          [
            -76.2898051920766,
            36.8686290173979
          ],
          [
            -76.2886177216789,
            36.8684267203553
          ],
          [
            -76.2883936629824,
            36.8683709920937
          ]
        ]
      },
      "properties": {
        "OBJECTID": 67507,
        "LINKID": "654269",
        "DATA_DATE": 1641013200000,
        "ROUTE_COMMON_NAME": "21St ST (PR - City of Norfolk)",
        "ROUTE_NAME": "S-VA122PR 21ST ST",
        "HTRIS_ID": "15685",
        "ROUTE_ALIAS": "          ",
        "START_LABEL": "Colley Ave",
        "END_LABEL": "Llewellyn St",
        "ADT": 11000,
        "ADT_QUALITY": "G",
        "PERCENT_4_TIRE": 98.99408,
        "PERCENT_BUS": 0.37098,
        "PERCENT_TRUCK_2_AXLE": 0.2711,
        "PERCENT_TRUCK_3_AXLE": 0.12841,
        "PERCENT_TRUCK_1_TRAIL": 0.23543,
        "PERCENT_TRUCK_2_TRAIL": 0,
        "CLASS_QUALITY_CODE": "F",
        "K_FACTOR": 0.08710000000000001,
        "K_FACTOR_QUALITY_CODE": "F",
        "DIRECTION_FACTOR": 0.5414,
        "AAWDT": 12000,
        "AAWDT_QUALITY_CODE": "G",
        "LOC_COMP_DIRECTIONALITY_NAME": "Bidirectional",
        "ROUTE_FROM_MEASURE": 0.35000000000000003,
        "FROM_JURISDICTION": "City of Norfolk",
        "ROUTE_TO_MEASURE": 0.8300000000000001,
        "TO_JURISDICTION": "City of Norfolk",
        "PEAK_SINGLE_UNIT_TRUCK": 0.01394,
        "PEAK_COMBINATION_TRUCK": 0.01394,
        "EVENT_SOURCE_ID": 654269,
        "EVENT_LOCATION_ID": 1,
        "EVENT_COMPONENT_ID": 1,
        "MAXIMUMSCALEDENOMINATOR": 200000,
        "ROUTE_COMMON_NAME_ADT": "21St ST (PR - City of Norfolk) - ADT 11000",
        "FROM_DISTRICT": "Hampton Roads",
        "TO_DISTRICT": "Hampton Roads",
        "RTE_TYPE_CD": "ST",
        "RTE_ID": 9133767,
        "DATA_CUSTODIAN_EMAIL": null,
        "METADATA_URL": null,
        "Shape__Length": 950.3356902167577
      }
    },
    {
      "type": "Feature",
      "id": 77116,
      "geometry": {
        "type": "LineString",
        "coordinates": [
          [
            -76.2947897863829,
            36.8778315721072
          ],
          [
            -76.2966393304164,
            36.8777337132747
          ],
          [
            -76.2977627599174,
            36.8776737270361
          ],
          [
            -76.2980676211754,
            36.8776567750354
          ]
        ]
      },
      "properties": {
        "OBJECTID": 77116,
        "LINKID": "654505",
        "DATA_DATE": 1641013200000,
        "ROUTE_COMMON_NAME": "35Th ST W (PR - City of Norfolk)",
        "ROUTE_NAME": "S-VA122PR 35TH ST W",
        "HTRIS_ID": "43013",
        "ROUTE_ALIAS": "          ",
        "START_LABEL": "Killam Ave",
        "END_LABEL": "Colley Ave",
        "ADT": 1400,
        "ADT_QUALITY": "G",
        "PERCENT_4_TIRE": 98.44399,
        "PERCENT_BUS": 0.50385,
        "PERCENT_TRUCK_2_AXLE": 0.60759,
        "PERCENT_TRUCK_3_AXLE": 0.28156,
        "PERCENT_TRUCK_1_TRAIL": 0.16301,
        "PERCENT_TRUCK_2_TRAIL": 0,
        "CLASS_QUALITY_CODE": "F",
        "K_FACTOR": 0.10890000000000001,
        "K_FACTOR_QUALITY_CODE": "F",
        "DIRECTION_FACTOR": 0.6136,
        "AAWDT": 1500,
        "AAWDT_QUALITY_CODE": "G",
        "LOC_COMP_DIRECTIONALITY_NAME": "Bidirectional",
        "ROUTE_FROM_MEASURE": 0.6900000000000001,
        "FROM_JURISDICTION": "City of Norfolk",
        "ROUTE_TO_MEASURE": 0.87,
        "TO_JURISDICTION": "City of Norfolk",
        "PEAK_SINGLE_UNIT_TRUCK": 0.07296,
        "PEAK_COMBINATION_TRUCK": 0,
        "EVENT_SOURCE_ID": 654505,
        "EVENT_LOCATION_ID": 1,
        "EVENT_COMPONENT_ID": 1,
        "MAXIMUMSCALEDENOMINATOR": 200000,
        "ROUTE_COMMON_NAME_ADT": "35Th ST W (PR - City of Norfolk) - ADT 1400",
        "FROM_DISTRICT": "Hampton Roads",
        "TO_DISTRICT": "Hampton Roads",
        "RTE_TYPE_CD": "ST",
        "RTE_ID": 9127827,
        "DATA_CUSTODIAN_EMAIL": null,
        "METADATA_URL": null,
        "Shape__Length": 365.6969996825406
      }
    },
    {
      "type": "Feature",
      "id": 76240,
      "geometry": {
        "type": "MultiLineString",
        "coordinates": [
          [
            [
              -76.2939090430441,
              36.8822444717157
            ],
            [
              -76.2938094755746,
              36.8830805477967
            ],
            [
              -76.2937127584596,
              36.8838184547241
            ],
            [
              -76.2936692826948,
              36.8839021207298
            ],
            [
              -76.2934325631427,
              36.8846325917244
            ],
            [
              -76.2931814355117,
              36.8853875295026
            ],
            [
              -76.2931404013679,
              36.8855048902618
            ],
            [
              -76.2930945459659,
              36.8856702447557
            ],
            [
              -76.2930833942799,
              36.8857009435439
            ],
            [
              -76.2930761161295,
              36.8857159135636
            ],
            [
              -76.29306497702,
              36.8857459333481
            ],
            [
              -76.2930538504869,
              36.8857759409062
            ],
            [
              -76.2930393184405,
              36.8858051990543
            ],
            [
              -76.2930213647113,
              36.8858343997111
            ],
            [
              -76.2930141072221,
              36.8858486835351
            ],
            [
              -76.2929961777473,
              36.8858771972874
            ],
            [
              -76.2929855228298,
              36.8858907317061
            ],
            [
              -76.2929676059314,
              36.8859185542443
            ],
            [
              -76.2929463005878,
              36.885945632405
            ],
            [
              -76.2929356663315,
              36.8859584799245
            ],
            [
              -76.2929143780559,
              36.8859848711843
            ],
            [
              -76.2929003337947,
              36.8859976525952
            ],
            [
              -76.2928756606671,
              36.8860225996554
            ],
            [
              -76.2928650425805,
              36.8860347688976
            ],
            [
              -76.292840398199,
              36.8860590290595
            ],
            [
              -76.2928263835822,
              36.8860704409968
            ],
            [
              -76.2928123680672,
              36.8860818572434
            ],
            [
              -76.2927843469185,
              36.8861046811095
            ],
            [
              -76.2927563509227,
              36.8861261355086
            ],
            [
              -76.2927109797126,
              36.8861575705752
            ],
            [
              -76.2926796356957,
              36.8861768938913
            ],
            [
              -76.2926483132384,
              36.8861955432506
            ],
            [
              -76.2926135888611,
              36.8862134266857
            ],
            [
              -76.2925823229976,
              36.8862300110712
            ],
            [
              -76.2925649738345,
              36.8862386179649
            ],
            [
              -76.2925476399428,
              36.8862465329437
            ],
            [
              -76.292488767054,
              36.8862715259065
            ],
            [
              -76.2924298573343,
              36.8862978955032
            ],
            [
              -76.2923743037205,
              36.8863263803478
            ],
            [
              -76.2923187330387,
              36.8863555599688
            ],
            [
              -76.2922631039665,
              36.8863867966359
            ],
            [
              -76.2922108229152,
              36.8864201557296
            ],
            [
              -76.2921585292876,
              36.8864542009728
            ],
            [
              -76.2921095791895,
              36.8864910605502
            ],
            [
              -76.2920643364385,
              36.8865176793891
            ],
            [
              -76.2920259172904,
              36.8865451208962
            ],
            [
              -76.2919840423234,
              36.8865738664624
            ],
            [
              -76.2919455360388,
              36.8866040518819
            ],
            [
              -76.2919070135845,
              36.8866349241704
            ],
            [
              -76.2918718705922,
              36.8866672319983
            ],
            [
              -76.2918084630079,
              36.8867306024634
            ],
            [
              -76.2917448362346,
              36.8868015285505
            ],
            [
              -76.2917164306071,
              36.8868373950031
            ],
            [
              -76.2917021923098,
              36.8868563624933
            ],
            [
              -76.2916808079145,
              36.8868861792145
            ],
            [
              -76.2915862467561,
              36.887079464198
            ],
            [
              -76.2915753726496,
              36.8871005547671
            ],
            [
              -76.2915570173734,
              36.8871434802434
            ],
            [
              -76.2915420676104,
              36.8871871550802
            ],
            [
              -76.291527088203,
              36.887231516049
            ],
            [
              -76.2915155610213,
              36.8872752612473
            ],
            [
              -76.2915039826356,
              36.8873203715483
            ],
            [
              -76.2914911106759,
              36.8874101042174
            ],
            [
              -76.2914863729611,
              36.8874553466403
            ],
            [
              -76.291481634348,
              36.8875005933473
            ],
            [
              -76.2914809767812,
              36.8875232436341
            ],
            [
              -76.2914830707541,
              36.8875686189099
            ],
            [
              -76.2914823916278,
              36.8875919560487
            ],
            [
              -76.2914879324365,
              36.8876367026091
            ],
            [
              -76.291490692061,
              36.887659418956
            ],
            [
              -76.2914962077168,
              36.8877048559406
            ],
            [
              -76.2915017440339,
              36.8877496024347
            ],
            [
              -76.2915141120388,
              36.8877944767927
            ],
            [
              -76.2915203149058,
              36.8878165809447
            ],
            [
              -76.2915327116567,
              36.8878607683934
            ],
            [
              -76.2915389064389,
              36.8878828646229
            ],
            [
              -76.2915547536189,
              36.8879257443949
            ],
            [
              -76.2915675932392,
              36.8879548328758
            ],
            [
              -76.2915738500052,
              36.8879748684713
            ],
            [
              -76.2915832427898,
              36.8880045777019
            ],
            [
              -76.291589201315,
              36.8880349119999
            ],
            [
              -76.2915920193301,
              36.8880555719347
            ],
            [
              -76.2915948328536,
              36.8880762361748
            ],
            [
              -76.2915976796147,
              36.8880962013273
            ],
            [
              -76.2915967777061,
              36.8881270895375
            ],
            [
              -76.2915958793909,
              36.8881579827645
            ],
            [
              -76.2915918576333,
              36.8881785104656
            ],
            [
              -76.2915912530672,
              36.8881991121647
            ],
            [
              -76.2915872025635,
              36.8882210135882
            ],
            [
              -76.2913430844868,
              36.8889691988827
            ],
            [
              -76.2911181373565,
              36.889646312647
            ],
            [
              -76.2911144794166,
              36.889654493105
            ],
            [
              -76.2911108376465,
              36.8896619788054
            ],
            [
              -76.2910586599015,
              36.8896919072299
            ],
            [
              -76.2895493635617,
              36.8893716165809
            ],
            [
              -76.2895029044919,
              36.8894401139468
            ],
            [
              -76.2894849920851,
              36.8894679366285
            ],
            [
              -76.2894637029112,
              36.889494318772
            ],
            [
              -76.2894423894828,
              36.889521396383
            ],
            [
              -76.2894210958172,
              36.8895477835374
            ],
            [
              -76.2893998237113,
              36.8895734831096
            ],
            [
              -76.2893751335157,
              36.8895991172926
            ],
            [
              -76.2893538614098,
              36.8896248168475
            ],
            [
              -76.2893291999603,
              36.8896497677518
            ],
            [
              -76.2893045259344,
              36.8896747107449
            ],
            [
              -76.2892798734681,
              36.8896989783717
            ],
            [
              -76.2892552452563,
              36.8897225519531
            ],
            [
              -76.2892305963832,
              36.8897468159725
            ],
            [
              -76.2892025707429,
              36.8897696401798
            ],
            [
              -76.2891745370179,
              36.8897924679727
            ],
            [
              -76.2891499294673,
              36.8898153582651
            ],
            [
              -76.289121920895,
              36.8898374920075
            ],
            [
              -76.2890905148944,
              36.8898588799774
            ],
            [
              -76.2890625224918,
              36.8898803347584
            ],
            [
              -76.2890345345808,
              36.8899017845042
            ],
            [
              -76.2890031699027,
              36.8899218037825
            ],
            [
              -76.2889752188226,
              36.8899418798143
            ],
            [
              -76.2889438541445,
              36.889961899082
            ],
            [
              -76.2889125065343,
              36.8899812264645
            ],
            [
              -76.2888811831787,
              36.8899998669913
            ],
            [
              -76.2888498517382,
              36.8900185082321
            ],
            [
              -76.2888185490438,
              36.8900364618995
            ],
            [
              -76.2887838417345,
              36.8900536669246
            ],
            [
              -76.2887525516165,
              36.8900709380445
            ],
            [
              -76.2887178685617,
              36.8900874605228
            ],
            [
              -76.2886832061681,
              36.8901032875261
            ],
            [
              -76.2886519573727,
              36.8901191806247
            ],
            [
              -76.2886173120471,
              36.8901343293935
            ],
            [
              -76.2885826819929,
              36.8901487869992
            ],
            [
              -76.2885480573286,
              36.8901632481945
            ],
            [
              -76.2885100388291,
              36.8901769528471
            ],
            [
              -76.2884754474025,
              36.8901900446498
            ],
            [
              -76.2884408838236,
              36.8902024416984
            ],
            [
              -76.2884029030534,
              36.8902147805496
            ],
            [
              -76.2883683565425,
              36.8902264864346
            ],
            [
              -76.28833040901,
              36.8902374472741
            ],
            [
              -76.2882924695623,
              36.8902484167334
            ],
            [
              -76.2882579850352,
              36.890258066379
            ],
            [
              -76.2882200824184,
              36.8902676535173
            ],
            [
              -76.2881821762083,
              36.8902772449652
            ],
            [
              -76.2881443068292,
              36.8902854627155
            ],
            [
              -76.2881064464333,
              36.8902936761543
            ],
            [
              -76.288068602207,
              36.8903012070549
            ],
            [
              -76.2880307777436,
              36.8903080511069
            ],
            [
              -76.2879929748398,
              36.8903142039996
            ],
            [
              -76.2879517502531,
              36.8903203030073
            ],
            [
              -76.2879139680106,
              36.8903257690513
            ],
            [
              -76.2878762064293,
              36.8903305518394
            ],
            [
              -76.2878350393348,
              36.8903345823997
            ],
            [
              -76.287797319076,
              36.8903380001135
            ],
            [
              -76.2877595952239,
              36.8903414099241
            ],
            [
              -76.2877184730452,
              36.8903440703809
            ],
            [
              -76.2876807860241,
              36.8903461021854
            ],
            [
              -76.287643127749,
              36.890347459356
            ],
            [
              -76.2876020441978,
              36.8903487461175
            ],
            [
              -76.2875644227537,
              36.8903487252821
            ],
            [
              -76.2875233760335,
              36.8903486340377
            ],
            [
              -76.2874857716574,
              36.8903479270733
            ],
            [
              -76.2874447491916,
              36.8903471568844
            ],
            [
              -76.287407186138,
              36.8903450755063
            ],
            [
              -76.2873662094863,
              36.8903429280298
            ],
            [
              -76.2873286635007,
              36.8903401641147
            ],
            [
              -76.2872877236799,
              36.8903366472536
            ],
            [
              -76.287250210932,
              36.8903325053321
            ],
            [
              -76.287212735015,
              36.8903276765626
            ],
            [
              -76.2871718329234,
              36.8903227852868
            ],
            [
              -76.2871343686845,
              36.8903172696689
            ],
            [
              -76.2870764974173,
              36.8903079433379
            ],
            [
              -76.2870390753992,
              36.8903010540229
            ],
            [
              -76.2869608662739,
              36.8902851566514
            ],
            [
              -76.286889539142,
              36.8902680177768
            ],
            [
              -76.2868521952774,
              36.8902583846571
            ],
            [
              -76.2868148559043,
              36.8902487522546
            ],
            [
              -76.2867775533621,
              36.890237749746
            ],
            [
              -76.2867402517182,
              36.8902267386145
            ],
            [
              -76.2867029698373,
              36.890215049254
            ],
            [
              -76.286669123114,
              36.890202735549
            ],
            [
              -76.2866318618944,
              36.8901903593359
            ],
            [
              -76.2865980313408,
              36.890177354467
            ],
            [
              -76.2865608114436,
              36.8901636081437
            ],
            [
              -76.2865270302973,
              36.8901492338824
            ],
            [
              -76.2864898274682,
              36.8901347971121
            ],
            [
              -76.2864560588983,
              36.8901197395881
            ],
            [
              -76.2864223154813,
              36.8901039909005
            ],
            [
              -76.2863885918272,
              36.8900875639813
            ],
            [
              -76.2863548690715,
              36.890071128437
            ],
            [
              -76.2863245886599,
              36.8900540685452
            ],
            [
              -76.2862908820738,
              36.8900369504541
            ],
            [
              -76.2862571961489,
              36.8900191455087
            ],
            [
              -76.2862269444834,
              36.890000719807
            ],
            [
              -76.2861933088642,
              36.8899815368406
            ],
            [
              -76.2861630904364,
              36.8899624285896
            ],
            [
              -76.2861328800934,
              36.889942624861
            ],
            [
              -76.2861026742419,
              36.8899228297489
            ],
            [
              -76.2860724845602,
              36.8899023348476
            ],
            [
              -76.2860423200313,
              36.8898811617107
            ],
            [
              -76.2860155978465,
              36.8898593721255
            ],
            [
              -76.2859854333176,
              36.8898381989767
            ],
            [
              -76.2859587282008,
              36.8898157146237
            ],
            [
              -76.2859320149992,
              36.8897932295456
            ],
            [
              -76.2859053296454,
              36.8897700576081
            ],
            [
              -76.2858786496815,
              36.8897468942852
            ],
            [
              -76.285851976904,
              36.8897230397913
            ],
            [
              -76.2858253131098,
              36.88969918529
            ],
            [
              -76.2858020880664,
              36.8896747021232
            ],
            [
              -76.2857788621248,
              36.8896502268518
            ],
            [
              -76.2857556577426,
              36.8896250611262
            ],
            [
              -76.2857324443774,
              36.8895998989845
            ],
            [
              -76.2857092516734,
              36.8895740542909
            ],
            [
              -76.2856860715458,
              36.8895482016853
            ],
            [
              -76.2856629004014,
              36.8895216658084
            ],
            [
              -76.2856431464483,
              36.8894951960212
            ],
            [
              -76.2856234212413,
              36.8894680357771
            ],
            [
              -76.285603692441,
              36.8894408748048
            ],
            [
              -76.2855839636407,
              36.8894137188522
            ],
            [
              -76.2855642546034,
              36.889385867412
            ],
            [
              -76.2855479897069,
              36.8893573987967
            ],
            [
              -76.2855316987592,
              36.8893296220567
            ],
            [
              -76.2855120067898,
              36.889301091632
            ],
            [
              -76.285495758063,
              36.8892719368464
            ],
            [
              -76.2854829058662,
              36.8892435350063
            ],
            [
              -76.285466656241,
              36.8892143845094
            ],
            [
              -76.2854538462651,
              36.8891846082134
            ],
            [
              -76.2854375966399,
              36.8891554497908
            ],
            [
              -76.2854247776808,
              36.8891256777827
            ],
            [
              -76.2854153938793,
              36.8890959682699
            ],
            [
              -76.2854025991747,
              36.8890655057871
            ],
            [
              -76.2853898053685,
              36.8890350432921
            ],
            [
              -76.2853804332451,
              36.889004643292
            ],
            [
              -76.2853710611217,
              36.8889742425614
            ],
            [
              -76.2853616889984,
              36.8889438461295
            ],
            [
              -76.2853523294515,
              36.8889127635435
            ],
            [
              -76.285346379011,
              36.888882424565
            ],
            [
              -76.2853404456385,
              36.8888514123644
            ],
            [
              -76.2853310896849,
              36.8888203290223
            ],
            [
              -76.2853285986566,
              36.888788683102
            ],
            [
              -76.2853226607926,
              36.8887576701449
            ],
            [
              -76.2853167480813,
              36.8887259580989
            ],
            [
              -76.2853142363918,
              36.8886950033129
            ],
            [
              -76.2853117372787,
              36.8886633616515
            ],
            [
              -76.2853092426571,
              36.8886317235693
            ],
            [
              -76.2853067183912,
              36.8886007644342
            ],
            [
              -76.2853076454526,
              36.8885691852412
            ],
            [
              -76.2853051544243,
              36.8885375514309
            ],
            [
              -76.2853060769941,
              36.8885059714933
            ],
            [
              -76.2853069995639,
              36.8884743922611
            ],
            [
              -76.2853113321385,
              36.8884428783973
            ]
          ],
          [
            [
              -76.285425080413,
              36.8820896766163
            ],
            [
              -76.2856537555517,
              36.8814030247052
            ],
            [
              -76.2856991761692,
              36.8813702202913
            ]
          ],
          [
            [
              -76.2838686126394,
              36.8849107263915
            ],
            [
              -76.2838619920557,
              36.8849030469458
            ],
            [
              -76.2838587940533,
              36.8848954292914
            ],
            [
              -76.2838511925094,
              36.884880504377
            ],
            [
              -76.2838428426688,
              36.8848559751173
            ],
            [
              -76.2838579451454,
              36.8848074928207
            ],
            [
              -76.2838616408145,
              36.8847979466704
            ],
            [
              -76.2843047159637,
              36.8834463582468
            ]
          ]
        ]
      },
      "properties": {
        "OBJECTID": 76240,
        "LINKID": "654513",
        "DATA_DATE": 1641013200000,
        "ROUTE_COMMON_NAME": "Mayflower RD (PR - City of Norfolk)",
        "ROUTE_NAME": "S-VA122PR MAYFLOWER RD",
        "HTRIS_ID": "4086",
        "ROUTE_ALIAS": "          ",
        "START_LABEL": "Carolina Ave",
        "END_LABEL": "Delaware Ave",
        "ADT": 1000,
        "ADT_QUALITY": "G",
        "PERCENT_4_TIRE": 99.23973,
        "PERCENT_BUS": 0.10137,
        "PERCENT_TRUCK_2_AXLE": 0.40547,
        "PERCENT_TRUCK_3_AXLE": 0.25342,
        "PERCENT_TRUCK_1_TRAIL": 0,
        "PERCENT_TRUCK_2_TRAIL": 0,
        "CLASS_QUALITY_CODE": "C",
        "K_FACTOR": 0.1073,
        "K_FACTOR_QUALITY_CODE": "F",
        "DIRECTION_FACTOR": 0.619,
        "AAWDT": 1100,
        "AAWDT_QUALITY_CODE": "G",
        "LOC_COMP_DIRECTIONALITY_NAME": "Bidirectional",
        "ROUTE_FROM_MEASURE": 0.05,
        "FROM_JURISDICTION": "City of Norfolk",
        "ROUTE_TO_MEASURE": 1.19,
        "TO_JURISDICTION": "City of Norfolk",
        "PEAK_SINGLE_UNIT_TRUCK": 0.29186,
        "PEAK_COMBINATION_TRUCK": 0.07296,
        "EVENT_SOURCE_ID": 654513,
        "EVENT_LOCATION_ID": 1,
        "EVENT_COMPONENT_ID": 1,
        "MAXIMUMSCALEDENOMINATOR": 200000,
        "ROUTE_COMMON_NAME_ADT": "Mayflower RD (PR - City of Norfolk) - ADT 1000",
        "FROM_DISTRICT": "Hampton Roads",
        "TO_DISTRICT": "Hampton Roads",
        "RTE_TYPE_CD": "ST",
        "RTE_ID": 9138807,
        "DATA_CUSTODIAN_EMAIL": null,
        "METADATA_URL": null,
        "Shape__Length": 2301.6752888790056
      }
    },
    {
      "type": "Feature",
      "id": 80995,
      "geometry": {
        "type": "MultiLineString",
        "coordinates": [
          [
            [
              -76.2940724573741,
              36.9161252379616
            ],
            [
              -76.2941340737177,
              36.9161243358808
            ],
            [
              -76.2945359530264,
              36.9161179013733
            ],
            [
              -76.2951157670333,
              36.9161086205701
            ],
            [
              -76.2960020763336,
              36.9160944321864
            ],
            [
              -76.2964652243379,
              36.9160870086909
            ],
            [
              -76.2966466462961,
              36.9160842241616
            ],
            [
              -76.296879504889,
              36.9160776036323
            ],
            [
              -76.2976191327782,
              36.916057808117
            ],
            [
              -76.2984957429685,
              36.9160337054434
            ],
            [
              -76.2988145900971,
              36.9160115146591
            ],
            [
              -76.2991162228099,
              36.9159904988736
            ],
            [
              -76.3002442579734,
              36.9159119013215
            ],
            [
              -76.3016259073046,
              36.9158161770153
            ],
            [
              -76.3017458377849,
              36.9158101770049
            ],
            [
              -76.3019650707317,
              36.9158012315731
            ],
            [
              -76.3021807912657,
              36.9157956452564
            ],
            [
              -76.3024607260712,
              36.9157931918161
            ],
            [
              -76.3026226581809,
              36.9157957034323
            ],
            [
              -76.3031965513918,
              36.9158105081044
            ]
          ],
          [
            [
              -76.3031965513918,
              36.9158105124137
            ],
            [
              -76.3033058548023,
              36.9158166697143
            ],
            [
              -76.3034185852856,
              36.915822900991
            ],
            [
              -76.3041597241411,
              36.9158690293729
            ],
            [
              -76.3047642445132,
              36.9159064227457
            ],
            [
              -76.3052219100993,
              36.9159348864849
            ],
            [
              -76.3061001291722,
              36.915988744266
            ],
            [
              -76.3063490056251,
              36.9160040042511
            ],
            [
              -76.3069125412607,
              36.9160392457768
            ],
            [
              -76.3070901858031,
              36.9160487420537
            ],
            [
              -76.3072097515674,
              36.9160550982814
            ],
            [
              -76.3073429807072,
              36.9160623846005
            ],
            [
              -76.3073703191362,
              36.9160635847423
            ],
            [
              -76.3074011331471,
              36.9160627860842
            ],
            [
              -76.3074285542211,
              36.9160612304246
            ],
            [
              -76.3074594059613,
              36.9160590664345
            ],
            [
              -76.3074697294005,
              36.9160571997866
            ],
            [
              -76.3075281800811,
              36.9160472941265
            ],
            [
              -76.3075557583603,
              36.9160402555912
            ],
            [
              -76.3075937067912,
              36.916029286248
            ],
            [
              -76.3076179253712,
              36.9160201253766
            ],
            [
              -76.3076456024651,
              36.9160096523193
            ],
            [
              -76.3076698956054,
              36.9159977442604
            ],
            [
              -76.3076942138984,
              36.9159851445553
            ],
            [
              -76.3077185690224,
              36.9159711795146
            ],
            [
              -76.3077359639996,
              36.9159611991486
            ],
            [
              -76.3080594742828,
              36.9157776624562
            ]
          ]
        ]
      },
      "properties": {
        "OBJECTID": 80995,
        "LINKID": "654604",
        "DATA_DATE": 1641013200000,
        "ROUTE_COMMON_NAME": "VA-165N",
        "ROUTE_NAME": "R-VA   SR00165NB",
        "HTRIS_ID": "  SR00165     ",
        "ROUTE_ALIAS": "          ",
        "START_LABEL": "Diven St",
        "END_LABEL": "SR 337 Hampton Blvd",
        "ADT": 11000,
        "ADT_QUALITY": "G",
        "PERCENT_4_TIRE": 98.32180000000001,
        "PERCENT_BUS": 0.67872,
        "PERCENT_TRUCK_2_AXLE": 0.60434,
        "PERCENT_TRUCK_3_AXLE": 0.2092,
        "PERCENT_TRUCK_1_TRAIL": 0.18595,
        "PERCENT_TRUCK_2_TRAIL": 0,
        "CLASS_QUALITY_CODE": "F",
        "K_FACTOR": 0.08410000000000001,
        "K_FACTOR_QUALITY_CODE": "F",
        "DIRECTION_FACTOR": 0.5819,
        "AAWDT": 12000,
        "AAWDT_QUALITY_CODE": "G",
        "LOC_COMP_DIRECTIONALITY_NAME": "Bidirectional",
        "ROUTE_FROM_MEASURE": 38.96,
        "FROM_JURISDICTION": "City of Norfolk",
        "ROUTE_TO_MEASURE": 39.737,
        "TO_JURISDICTION": "City of Norfolk",
        "PEAK_SINGLE_UNIT_TRUCK": null,
        "PEAK_COMBINATION_TRUCK": null,
        "EVENT_SOURCE_ID": 654604,
        "EVENT_LOCATION_ID": 1,
        "EVENT_COMPONENT_ID": 1,
        "MAXIMUMSCALEDENOMINATOR": 400000,
        "ROUTE_COMMON_NAME_ADT": "VA-165N - ADT 11000",
        "FROM_DISTRICT": "Hampton Roads",
        "TO_DISTRICT": "Hampton Roads",
        "RTE_TYPE_CD": "SR",
        "RTE_ID": 1697954,
        "DATA_CUSTODIAN_EMAIL": null,
        "METADATA_URL": null,
        "Shape__Length": 1571.3998847662733
      }
    },
    {
      "type": "Feature",
      "id": 63193,
      "geometry": {
        "type": "LineString",
        "coordinates": [
          [
            -76.2815187051961,
            36.8747505604234
          ],
          [
            -76.2815474988959,
            36.8749163434985
          ]
        ]
      },
      "properties": {
        "OBJECTID": 63193,
        "LINKID": "654606",
        "DATA_DATE": 1641013200000,
        "ROUTE_COMMON_NAME": "US-460W",
        "ROUTE_NAME": "R-VA   US00460WB",
        "HTRIS_ID": "  US00460W    ",
        "ROUTE_ALIAS": "          ",
        "START_LABEL": "Brambleton Ave",
        "END_LABEL": "Church St",
        "ADT": 7800,
        "ADT_QUALITY": "G",
        "PERCENT_4_TIRE": 97.71320999999999,
        "PERCENT_BUS": 1.15506,
        "PERCENT_TRUCK_2_AXLE": 0.6592,
        "PERCENT_TRUCK_3_AXLE": 0.37918999999999997,
        "PERCENT_TRUCK_1_TRAIL": 0.09917,
        "PERCENT_TRUCK_2_TRAIL": 0.00583,
        "CLASS_QUALITY_CODE": "F",
        "K_FACTOR": 0.08800000000000001,
        "K_FACTOR_QUALITY_CODE": "F",
        "DIRECTION_FACTOR": 0.5428000000000001,
        "AAWDT": 8200,
        "AAWDT_QUALITY_CODE": "G",
        "LOC_COMP_DIRECTIONALITY_NAME": "Master Non-Prime",
        "ROUTE_FROM_MEASURE": 401.88,
        "FROM_JURISDICTION": "City of Norfolk",
        "ROUTE_TO_MEASURE": 401.886,
        "TO_JURISDICTION": "City of Norfolk",
        "PEAK_SINGLE_UNIT_TRUCK": 0.13552,
        "PEAK_COMBINATION_TRUCK": 0.01056,
        "EVENT_SOURCE_ID": 654606,
        "EVENT_LOCATION_ID": 1,
        "EVENT_COMPONENT_ID": 3,
        "MAXIMUMSCALEDENOMINATOR": 200000,
        "ROUTE_COMMON_NAME_ADT": "US-460W - ADT 7800",
        "FROM_DISTRICT": "Hampton Roads",
        "TO_DISTRICT": "Hampton Roads",
        "RTE_TYPE_CD": "US",
        "RTE_ID": 2439860,
        "DATA_CUSTODIAN_EMAIL": null,
        "METADATA_URL": null,
        "Shape__Length": 23.291703720189005
      }
    },
    {
      "type": "Feature",
      "id": 67284,
      "geometry": {
        "type": "LineString",
        "coordinates": [
          [
            -76.3028751889803,
            36.8982159488985
          ],
          [
            -76.3028547603925,
            36.8980946824148
          ],
          [
            -76.302838643718,
            36.8980607278511
          ],
          [
            -76.302822497399,
            36.8980274557404
          ],
          [
            -76.3028029635332,
            36.8979934386469
          ],
          [
            -76.3027868055362,
            36.8979608540043
          ],
          [
            -76.3027672420259,
            36.8979275150399
          ],
          [
            -76.3027476659392,
            36.8978948721797
          ],
          [
            -76.3027280691913,
            36.8978629117751
          ],
          [
            -76.3027050714217,
            36.8978302027954
          ],
          [
            -76.3026820359229,
            36.8977988630524
          ],
          [
            -76.3026590004241,
            36.8977675232966
          ],
          [
            -76.3026359577387,
            36.8977361792175
          ],
          [
            -76.3026129060702,
            36.8977055305276
          ],
          [
            -76.3025898544017,
            36.8976748775151
          ],
          [
            -76.3025633558975,
            36.8976448494905
          ],
          [
            -76.3025368609865,
            36.8976148178622
          ],
          [
            -76.3025103499058,
            36.8975854765964
          ],
          [
            -76.302483810079,
            36.8975568134814
          ],
          [
            -76.3024538566542,
            36.8975280971945
          ],
          [
            -76.302427321319,
            36.8974994433971
          ],
          [
            -76.3023973265717,
            36.8974720963452
          ],
          [
            -76.3023673515873,
            36.8974440632183
          ],
          [
            -76.3023373406703,
            36.8974173986203
          ],
          [
            -76.3023073252617,
            36.8973907390416
          ],
          [
            -76.302273879187,
            36.8973647001459
          ],
          [
            -76.3022438431172,
            36.8973387266152
          ],
          [
            -76.3022103476352,
            36.8973140612715
          ],
          [
            -76.3021768764077,
            36.8972887091347
          ],
          [
            -76.302143364756,
            36.8972647305602
          ],
          [
            -76.3021098566976,
            36.8972407519781
          ],
          [
            -76.302076327978,
            36.8972174601744
          ],
          [
            -76.3020393524225,
            36.897194789057
          ],
          [
            -76.3020057994484,
            36.8971721847437
          ],
          [
            -76.3019688158081,
            36.8971502003993
          ],
          [
            -76.3019318025235,
            36.8971289028351
          ],
          [
            -76.3018947739674,
            36.8971082884597
          ],
          [
            -76.3018577445131,
            36.8970876740788
          ],
          [
            -76.3018206782279,
            36.8970684375769
          ],
          [
            -76.3017801857681,
            36.8970491385696
          ],
          [
            -76.3017431149913,
            36.8970298977476
          ],
          [
            -76.3017025892939,
            36.8970119687138
          ],
          [
            -76.3016620555117,
            36.8969940396758
          ],
          [
            -76.301621492085,
            36.8969774842094
          ],
          [
            -76.3015843431547,
            36.896960994832
          ],
          [
            -76.3015403337906,
            36.8969450607725
          ],
          [
            -76.3014997290415,
            36.8969298745619
          ],
          [
            -76.3014591206991,
            36.896914693377
          ],
          [
            -76.3014184674409,
            36.8969008771455
          ],
          [
            -76.3013744077711,
            36.896887011342
          ],
          [
            -76.3013337410382,
            36.8968738862048
          ],
          [
            -76.3012896328595,
            36.8968613817616
          ],
          [
            -76.3012489248041,
            36.8968496301981
          ],
          [
            -76.3012047788961,
            36.8968385036396
          ],
          [
            -76.30116061592,
            36.8968280602768
          ],
          [
            -76.3011198458809,
            36.8968183647659
          ],
          [
            -76.3010756622436,
            36.8968086125002
          ],
          [
            -76.3010314588435,
            36.8967995463044
          ],
          [
            -76.3009872087309,
            36.8967918457842
          ],
          [
            -76.3009429631098,
            36.8967841538842
          ],
          [
            -76.3008987013192,
            36.8967771401522
          ],
          [
            -76.3008544143757,
            36.8967708175198
          ],
          [
            -76.3008101112625,
            36.8967651780847
          ],
          [
            -76.3007623649068,
            36.8967601672487
          ],
          [
            -76.3007180240644,
            36.8967559049847
          ],
          [
            -76.3006736544759,
            36.8967523302288
          ],
          [
            -76.3006292929722,
            36.8967487468518
          ],
          [
            -76.3005848820612,
            36.8967465449571
          ],
          [
            -76.300519976087,
            36.8967439508163
          ],
          [
            -76.2999627672859,
            36.8967314671854
          ],
          [
            -76.2998773177394,
            36.8967291790822
          ],
          [
            -76.2998055603146,
            36.8967264563471
          ],
          [
            -76.2997338316357,
            36.8967230547242
          ],
          [
            -76.2996655488944,
            36.8967183420214
          ],
          [
            -76.2995938741145,
            36.8967128800271
          ],
          [
            -76.2995222199959,
            36.8967067312422
          ],
          [
            -76.2994540207978,
            36.8966992749688
          ],
          [
            -76.2993824493242,
            36.8966903790207
          ],
          [
            -76.2993143076183,
            36.8966808616556
          ],
          [
            -76.2992427774672,
            36.8966705878137
          ],
          [
            -76.2991746941518,
            36.8966590143841
          ],
          [
            -76.2991032223911,
            36.8966466837586
          ],
          [
            -76.2990352046528,
            36.8966330456419
          ],
          [
            -76.298967208474,
            36.8966187243237
          ],
          [
            -76.2988992284648,
            36.89660371693
          ],
          [
            -76.2988312897782,
            36.896587335232
          ],
          [
            -76.29869549505,
            36.8965518203481
          ],
          [
            -76.2986276399067,
            36.8965326914714
          ],
          [
            -76.2985632181244,
            36.8965129375803
          ],
          [
            -76.2984954240665,
            36.8964917475986
          ],
          [
            -76.2984310651663,
            36.8964699412219
          ],
          [
            -76.298366726029,
            36.8964474444543
          ],
          [
            -76.2983024291126,
            36.8964235733759
          ],
          [
            -76.2982381438742,
            36.8963990198073
          ],
          [
            -76.2981738882803,
            36.896373775127
          ],
          [
            -76.2981130876069,
            36.8963472222259
          ],
          [
            -76.2980488895051,
            36.896319917147
          ],
          [
            -76.2979881256627,
            36.8962919913575
          ],
          [
            -76.2979274076343,
            36.896262695561
          ],
          [
            -76.2978667057756,
            36.8962327129587
          ],
          [
            -76.2978060209849,
            36.8962020392393
          ],
          [
            -76.2977487866232,
            36.896170745524
          ],
          [
            -76.2976881476466,
            36.8961386981888
          ],
          [
            -76.2976309626922,
            36.8961053476523
          ],
          [
            -76.2975603802637,
            36.8960621283584
          ],
          [
            -76.297503245615,
            36.8960273991667
          ],
          [
            -76.2974495578021,
            36.8959913631775
          ],
          [
            -76.2973924599843,
            36.8959552653882
          ],
          [
            -76.2973388090022,
            36.895917859362
          ],
          [
            -76.2972886093475,
            36.8958798290212
          ],
          [
            -76.2972350041796,
            36.8958410536722
          ],
          [
            -76.2971880447481,
            36.8958092583599
          ],
          [
            -76.2971444980164,
            36.8957775384672
          ],
          [
            -76.2971009440982,
            36.8957458135325
          ],
          [
            -76.2970608612702,
            36.8957127774876
          ],
          [
            -76.2970173603526,
            36.8956796832373
          ],
          [
            -76.2969772856094,
            36.8956459603639
          ],
          [
            -76.2969372396124,
            36.8956115585779
          ],
          [
            -76.2968972187682,
            36.8955764656654
          ],
          [
            -76.2968572024155,
            36.8955406866544
          ],
          [
            -76.2967342023918,
            36.8954181824063
          ],
          [
            -76.2966844572847,
            36.8953643618278
          ],
          [
            -76.2966379937232,
            36.8953154163626
          ],
          [
            -76.2965949653194,
            36.8952658408172
          ],
          [
            -76.2965519818314,
            36.8952148923506
          ],
          [
            -76.2965089893602,
            36.895163947442
          ],
          [
            -76.2964694410298,
            36.8951123868178
          ],
          [
            -76.2964299124624,
            36.8950601221116
          ],
          [
            -76.2963903883865,
            36.8950078738932
          ],
          [
            -76.2963543183329,
            36.8949543102185
          ],
          [
            -76.2963182455844,
            36.8949007465063
          ],
          [
            -76.2962822006836,
            36.8948464995414
          ],
          [
            -76.296249595432,
            36.8947916239223
          ],
          [
            -76.296216997367,
            36.8947360657661
          ],
          [
            -76.2961844082851,
            36.89468051188
          ],
          [
            -76.2961552534626,
            36.894624328618
          ],
          [
            -76.2961261022333,
            36.894568149625
          ],
          [
            -76.2961003987381,
            36.8945113462833
          ],
          [
            -76.2960712807465,
            36.8944537892755
          ],
          [
            -76.2960490025274,
            36.8943963687244
          ],
          [
            -76.2960233313715,
            36.894338187321
          ],
          [
            -76.2959852230406,
            36.8942372000758
          ],
          [
            -76.2959664042337,
            36.8941784639279
          ],
          [
            -76.29594419249,
            36.8941189791366
          ],
          [
            -76.295928812434,
            36.8940596221787
          ],
          [
            -76.2959100259664,
            36.8940001990794
          ],
          [
            -76.2958946629785,
            36.8939401552138
          ],
          [
            -76.2958827252666,
            36.8938801781146
          ],
          [
            -76.2958707875548,
            36.8938202009684
          ],
          [
            -76.2956527583505,
            36.8927308996248
          ],
          [
            -76.2955182428233,
            36.8920635172399
          ],
          [
            -76.2952913508404,
            36.8909266643676
          ],
          [
            -76.2952647984372,
            36.8907812418829
          ],
          [
            -76.2952535596147,
            36.8906972356826
          ]
        ]
      },
      "properties": {
        "OBJECTID": 67284,
        "LINKID": "781691",
        "DATA_DATE": 1641013200000,
        "ROUTE_COMMON_NAME": "Jamestown CRES (PR - City of Norfolk)",
        "ROUTE_NAME": "S-VA122PR JAMESTOWN CRES",
        "HTRIS_ID": "1802",
        "ROUTE_ALIAS": "          ",
        "START_LABEL": "52rd Street",
        "END_LABEL": "SR 337 Hampton Blvd",
        "ADT": 6300,
        "ADT_QUALITY": "G",
        "PERCENT_4_TIRE": 99.08147,
        "PERCENT_BUS": 0.13180999999999998,
        "PERCENT_TRUCK_2_AXLE": 0.46956,
        "PERCENT_TRUCK_3_AXLE": 0.19771,
        "PERCENT_TRUCK_1_TRAIL": 0.11943999999999999,
        "PERCENT_TRUCK_2_TRAIL": 0,
        "CLASS_QUALITY_CODE": "F",
        "K_FACTOR": 0.091,
        "K_FACTOR_QUALITY_CODE": "F",
        "DIRECTION_FACTOR": 0.5655,
        "AAWDT": 6700,
        "AAWDT_QUALITY_CODE": "G",
        "LOC_COMP_DIRECTIONALITY_NAME": "Bidirectional",
        "ROUTE_FROM_MEASURE": 0,
        "FROM_JURISDICTION": "City of Norfolk",
        "ROUTE_TO_MEASURE": 0.74,
        "TO_JURISDICTION": "City of Norfolk",
        "PEAK_SINGLE_UNIT_TRUCK": 0.06279,
        "PEAK_COMBINATION_TRUCK": 0.02093,
        "EVENT_SOURCE_ID": 781691,
        "EVENT_LOCATION_ID": 1,
        "EVENT_COMPONENT_ID": 1,
        "MAXIMUMSCALEDENOMINATOR": 400000,
        "ROUTE_COMMON_NAME_ADT": "Jamestown CRES (PR - City of Norfolk) - ADT 6300",
        "FROM_DISTRICT": "Hampton Roads",
        "TO_DISTRICT": "Hampton Roads",
        "RTE_TYPE_CD": "ST",
        "RTE_ID": 9139509,
        "DATA_CUSTODIAN_EMAIL": null,
        "METADATA_URL": null,
        "Shape__Length": 1521.183657877694
      }
    },
    {
      "type": "Feature",
      "id": 56409,
      "geometry": {
        "type": "LineString",
        "coordinates": [
          [
            -76.280468888141,
            36.8708408144757
          ],
          [
            -76.2804888603847,
            36.8709129518616
          ],
          [
            -76.2806799392321,
            36.8716281294881
          ],
          [
            -76.280884752422,
            36.8724582716655
          ],
          [
            -76.2810164301712,
            36.8729834461782
          ],
          [
            -76.2810439293987,
            36.8730952365583
          ],
          [
            -76.2811241282924,
            36.8733927778853
          ],
          [
            -76.281149129305,
            36.8734736095838
          ],
          [
            -76.2811673228845,
            36.8735529443159
          ]
        ]
      },
      "properties": {
        "OBJECTID": 56409,
        "LINKID": "654296",
        "DATA_DATE": 1641013200000,
        "ROUTE_COMMON_NAME": "Church ST (NP - City of Norfolk)",
        "ROUTE_NAME": "S-VA122NP CHURCH ST",
        "HTRIS_ID": "18700",
        "ROUTE_ALIAS": "          ",
        "START_LABEL": "27th St",
        "END_LABEL": "US 460 Granby St; Monticello Ave",
        "ADT": 11000,
        "ADT_QUALITY": "G",
        "PERCENT_4_TIRE": 97.14975,
        "PERCENT_BUS": 0.5544899999999999,
        "PERCENT_TRUCK_2_AXLE": 1.11696,
        "PERCENT_TRUCK_3_AXLE": 0.6203099999999999,
        "PERCENT_TRUCK_1_TRAIL": 0.55848,
        "PERCENT_TRUCK_2_TRAIL": 0,
        "CLASS_QUALITY_CODE": "F",
        "K_FACTOR": 0.0821,
        "K_FACTOR_QUALITY_CODE": "F",
        "DIRECTION_FACTOR": 0.5647,
        "AAWDT": 12000,
        "AAWDT_QUALITY_CODE": "G",
        "LOC_COMP_DIRECTIONALITY_NAME": "Master Non-Prime",
        "ROUTE_FROM_MEASURE": 1.224,
        "FROM_JURISDICTION": "City of Norfolk",
        "ROUTE_TO_MEASURE": 1.41,
        "TO_JURISDICTION": "City of Norfolk",
        "PEAK_SINGLE_UNIT_TRUCK": 0.14532,
        "PEAK_COMBINATION_TRUCK": 0.04351,
        "EVENT_SOURCE_ID": 654296,
        "EVENT_LOCATION_ID": 1,
        "EVENT_COMPONENT_ID": 2,
        "MAXIMUMSCALEDENOMINATOR": 400000,
        "ROUTE_COMMON_NAME_ADT": "Church ST (NP - City of Norfolk) - ADT 11000",
        "FROM_DISTRICT": "Hampton Roads",
        "TO_DISTRICT": "Hampton Roads",
        "RTE_TYPE_CD": "ST",
        "RTE_ID": 9133076,
        "DATA_CUSTODIAN_EMAIL": null,
        "METADATA_URL": null,
        "Shape__Length": 385.3509723472736
      }
    },
    {
      "type": "Feature",
      "id": 91872,
      "geometry": {
        "type": "LineString",
        "coordinates": [
          [
            -76.3016465802342,
            36.8649560600877
          ],
          [
            -76.3015681483268,
            36.8650613508137
          ],
          [
            -76.3012676483895,
            36.8655081840035
          ],
          [
            -76.3010302586942,
            36.8658265092292
          ],
          [
            -76.3006336255468,
            36.8664159510498
          ],
          [
            -76.3005977423428,
            36.866474344182
          ],
          [
            -76.3005797966984,
            36.8665035400127
          ],
          [
            -76.3005618591388,
            36.866532740863
          ],
          [
            -76.300547331584,
            36.8665619991969
          ],
          [
            -76.3005293652783,
            36.8665918863674
          ],
          [
            -76.3005148206556,
            36.8666218317396
          ],
          [
            -76.3005002553715,
            36.8666524677541
          ],
          [
            -76.3004745599611,
            36.8667131159303
          ],
          [
            -76.3004597754882,
            36.8667513038173
          ],
          [
            -76.3004486327854,
            36.8667819979932
          ],
          [
            -76.3004374604382,
            36.8668133914335
          ],
          [
            -76.3004262925826,
            36.8668447762368
          ],
          [
            -76.3004185338335,
            36.8668762278646
          ],
          [
            -76.3004073704695,
            36.8669076090487
          ],
          [
            -76.3003996198052,
            36.8669390563385
          ],
          [
            -76.3003918745308,
            36.8669705079274
          ],
          [
            -76.3003875168034,
            36.8670027083673
          ],
          [
            -76.3003797463762,
            36.8670348462686
          ],
          [
            -76.3003754138016,
            36.8670663560311
          ],
          [
            -76.3003710569724,
            36.8670985564307
          ],
          [
            -76.3003667082281,
            36.8671307568167
          ],
          [
            -76.3003623549923,
            36.867162952877
          ],
          [
            -76.3003570675085,
            36.8672274153874
          ],
          [
            -76.3003584284562,
            36.8672981885436
          ],
          [
            -76.3003574933099,
            36.8673304549637
          ],
          [
            -76.3003599717618,
            36.867362783895
          ],
          [
            -76.3003590411072,
            36.8673950502878
          ],
          [
            -76.300361519559,
            36.8674273748797
          ],
          [
            -76.3003674241854,
            36.867459765576
          ],
          [
            -76.3003699026373,
            36.8674920901406
          ],
          [
            -76.3003758198401,
            36.8675238023806
          ],
          [
            -76.3003783063768,
            36.8675561269181
          ],
          [
            -76.3003842235796,
            36.8675878305075
          ],
          [
            -76.3003935579737,
            36.8676196009205
          ],
          [
            -76.300399479668,
            36.8676513044836
          ],
          [
            -76.3004088104689,
            36.8676830827755
          ],
          [
            -76.3004240953034,
            36.8677458696216
          ],
          [
            -76.3005789280275,
            36.8684198060688
          ],
          [
            -76.30073665692,
            36.8691123455454
          ],
          [
            -76.3008881083854,
            36.8697855376308
          ],
          [
            -76.3009488138373,
            36.8700504183982
          ],
          [
            -76.3010428333116,
            36.8704635990848
          ],
          [
            -76.3011124805939,
            36.870773975584
          ],
          [
            -76.3011881115543,
            36.8711140033839
          ],
          [
            -76.3013392656772,
            36.8717974938274
          ],
          [
            -76.3014872164079,
            36.8724740491446
          ],
          [
            -76.301589275804,
            36.8729299439438
          ]
        ]
      },
      "properties": {
        "OBJECTID": 91872,
        "LINKID": "654160",
        "DATA_DATE": 1641013200000,
        "ROUTE_COMMON_NAME": "VA-337E",
        "ROUTE_NAME": "R-VA   SR00337EB",
        "HTRIS_ID": "  SR00337     ",
        "ROUTE_ALIAS": "          ",
        "START_LABEL": "US 58 Brambleton Ave",
        "END_LABEL": "21st Street",
        "ADT": 29000,
        "ADT_QUALITY": "G",
        "PERCENT_4_TIRE": 94.07758,
        "PERCENT_BUS": 0.37485999999999997,
        "PERCENT_TRUCK_2_AXLE": 0.42493,
        "PERCENT_TRUCK_3_AXLE": 0.49068,
        "PERCENT_TRUCK_1_TRAIL": 4.6347499999999995,
        "PERCENT_TRUCK_2_TRAIL": 3.9999999999999996e-05,
        "CLASS_QUALITY_CODE": "F",
        "K_FACTOR": 0.0801,
        "K_FACTOR_QUALITY_CODE": "F",
        "DIRECTION_FACTOR": 0.5833,
        "AAWDT": 33000,
        "AAWDT_QUALITY_CODE": "G",
        "LOC_COMP_DIRECTIONALITY_NAME": "Bidirectional",
        "ROUTE_FROM_MEASURE": 29.242,
        "FROM_JURISDICTION": "City of Norfolk",
        "ROUTE_TO_MEASURE": 29.797,
        "TO_JURISDICTION": "City of Norfolk",
        "PEAK_SINGLE_UNIT_TRUCK": 0.08971,
        "PEAK_COMBINATION_TRUCK": 0.1602,
        "EVENT_SOURCE_ID": 654160,
        "EVENT_LOCATION_ID": 1,
        "EVENT_COMPONENT_ID": 2,
        "MAXIMUMSCALEDENOMINATOR": 1600000,
        "ROUTE_COMMON_NAME_ADT": "VA-337E - ADT 29000",
        "FROM_DISTRICT": "Hampton Roads",
        "TO_DISTRICT": "Hampton Roads",
        "RTE_TYPE_CD": "SR",
        "RTE_ID": 2133369,
        "DATA_CUSTODIAN_EMAIL": null,
        "METADATA_URL": null,
        "Shape__Length": 1156.1294685953171
      }
    },
    {
      "type": "Feature",
      "id": 92045,
      "geometry": {
        "type": "LineString",
        "coordinates": [
          [
            -76.3080594697913,
            36.9157776624562
          ],
          [
            -76.3088725933454,
            36.9165291119276
          ],
          [
            -76.3093256335061,
            36.9169504233164
          ],
          [
            -76.3096955983677,
            36.9172944771399
          ],
          [
            -76.3101254952317,
            36.9176919213124
          ]
        ]
      },
      "properties": {
        "OBJECTID": 92045,
        "LINKID": "654164",
        "DATA_DATE": 1641013200000,
        "ROUTE_COMMON_NAME": "VA-337E",
        "ROUTE_NAME": "R-VA   SR00337EB",
        "HTRIS_ID": "  SR00337     ",
        "ROUTE_ALIAS": "          ",
        "START_LABEL": "SR 165 Little Creek Rd",
        "END_LABEL": "SR 406 Terminal Blvd",
        "ADT": 30000,
        "ADT_QUALITY": "G",
        "PERCENT_4_TIRE": 94.07758,
        "PERCENT_BUS": 0.37485999999999997,
        "PERCENT_TRUCK_2_AXLE": 0.42493,
        "PERCENT_TRUCK_3_AXLE": 0.49068,
        "PERCENT_TRUCK_1_TRAIL": 4.6347499999999995,
        "PERCENT_TRUCK_2_TRAIL": 3.9999999999999996e-05,
        "CLASS_QUALITY_CODE": "F",
        "K_FACTOR": 0.0776,
        "K_FACTOR_QUALITY_CODE": "F",
        "DIRECTION_FACTOR": 0.6086,
        "AAWDT": 35000,
        "AAWDT_QUALITY_CODE": "G",
        "LOC_COMP_DIRECTIONALITY_NAME": "Master Prime",
        "ROUTE_FROM_MEASURE": 32.82,
        "FROM_JURISDICTION": "City of Norfolk",
        "ROUTE_TO_MEASURE": 33,
        "TO_JURISDICTION": "City of Norfolk",
        "PEAK_SINGLE_UNIT_TRUCK": 0.08691,
        "PEAK_COMBINATION_TRUCK": 0.1552,
        "EVENT_SOURCE_ID": 654164,
        "EVENT_LOCATION_ID": 1,
        "EVENT_COMPONENT_ID": 1,
        "MAXIMUMSCALEDENOMINATOR": 1600000,
        "ROUTE_COMMON_NAME_ADT": "VA-337E - ADT 30000",
        "FROM_DISTRICT": "Hampton Roads",
        "TO_DISTRICT": "Hampton Roads",
        "RTE_TYPE_CD": "SR",
        "RTE_ID": 2133369,
        "DATA_CUSTODIAN_EMAIL": null,
        "METADATA_URL": null,
        "Shape__Length": 352.04283267360694
      }
    },
    {
      "type": "Feature",
      "id": 66231,
      "geometry": {
        "type": "LineString",
        "coordinates": [
          [
            -76.2850496780491,
            36.8805406362845
          ],
          [
            -76.2850454164414,
            36.8805694063864
          ],
          [
            -76.2850334787295,
            36.8806268768582
          ],
          [
            -76.2850292368848,
            36.8806549556815
          ],
          [
            -76.285013894558,
            36.8807116766408
          ],
          [
            -76.2849985845706,
            36.8807677070315
          ],
          [
            -76.2849875119364,
            36.8807956579012
          ],
          [
            -76.2849687964358,
            36.8808509387834
          ],
          [
            -76.284946675422,
            36.8809054708979
          ],
          [
            -76.2844844419026,
            36.8818603923869
          ],
          [
            -76.2841584576591,
            36.8825994700989
          ],
          [
            -76.2841559953769,
            36.8826051350107
          ],
          [
            -76.2838358411995,
            36.8833406703678
          ]
        ]
      },
      "properties": {
        "OBJECTID": 66231,
        "LINKID": "654545",
        "DATA_DATE": 1641013200000,
        "ROUTE_COMMON_NAME": "Llewellyn AVE (PR - City of Norfolk)",
        "ROUTE_NAME": "S-VA122PR LLEWELLYN AVE",
        "HTRIS_ID": "26625",
        "ROUTE_ALIAS": "          ",
        "START_LABEL": "38th St",
        "END_LABEL": "Delaware Ave",
        "ADT": 12000,
        "ADT_QUALITY": "G",
        "PERCENT_4_TIRE": 98.55139,
        "PERCENT_BUS": 0.51574,
        "PERCENT_TRUCK_2_AXLE": 0.59158,
        "PERCENT_TRUCK_3_AXLE": 0.15927,
        "PERCENT_TRUCK_1_TRAIL": 0.18202,
        "PERCENT_TRUCK_2_TRAIL": 0,
        "CLASS_QUALITY_CODE": "F",
        "K_FACTOR": 0.0859,
        "K_FACTOR_QUALITY_CODE": "F",
        "DIRECTION_FACTOR": 0.5682,
        "AAWDT": 23000,
        "AAWDT_QUALITY_CODE": "G",
        "LOC_COMP_DIRECTIONALITY_NAME": "Bidirectional",
        "ROUTE_FROM_MEASURE": 1.68,
        "FROM_JURISDICTION": "City of Norfolk",
        "ROUTE_TO_MEASURE": 1.8800000000000001,
        "TO_JURISDICTION": "City of Norfolk",
        "PEAK_SINGLE_UNIT_TRUCK": 0.053259999999999995,
        "PEAK_COMBINATION_TRUCK": 0.040369999999999996,
        "EVENT_SOURCE_ID": 654545,
        "EVENT_LOCATION_ID": 1,
        "EVENT_COMPONENT_ID": 1,
        "MAXIMUMSCALEDENOMINATOR": 400000,
        "ROUTE_COMMON_NAME_ADT": "Llewellyn AVE (PR - City of Norfolk) - ADT 12000",
        "FROM_DISTRICT": "Hampton Roads",
        "TO_DISTRICT": "Hampton Roads",
        "RTE_TYPE_CD": "ST",
        "RTE_ID": 9130165,
        "DATA_CUSTODIAN_EMAIL": null,
        "METADATA_URL": null,
        "Shape__Length": 412.9745838288668
      }
    },
    {
      "type": "Feature",
      "id": 76155,
      "geometry": {
        "type": "LineString",
        "coordinates": [
          [
            -76.2961898826185,
            36.8709592245308
          ],
          [
            -76.2960882705834,
            36.8710431640544
          ],
          [
            -76.2960736478072,
            36.8710758615147
          ],
          [
            -76.2960555979582,
            36.8711084957208
          ],
          [
            -76.2960409509275,
            36.8711418758617
          ],
          [
            -76.2960263029985,
            36.8711752509575
          ],
          [
            -76.2960150731591,
            36.871208701496
          ],
          [
            -76.2960038424215,
            36.8712421426775
          ],
          [
            -76.2959816019316,
            36.8713014792872
          ],
          [
            -76.2957561867791,
            36.8719978294197
          ],
          [
            -76.2955530130147,
            36.8726348362392
          ],
          [
            -76.2952274752338,
            36.8735992333514
          ],
          [
            -76.2951862093246,
            36.8737248403843
          ],
          [
            -76.2950451594519,
            36.874341716743
          ],
          [
            -76.2950177006486,
            36.874462772321
          ],
          [
            -76.2949036217941,
            36.8750932157013
          ]
        ]
      },
      "properties": {
        "OBJECTID": 76155,
        "LINKID": "654137",
        "DATA_DATE": 1641013200000,
        "ROUTE_COMMON_NAME": "Colley AVE (PR - City of Norfolk)",
        "ROUTE_NAME": "S-VA122PR COLLEY AVE",
        "HTRIS_ID": "32255",
        "ROUTE_ALIAS": "          ",
        "START_LABEL": "21st Street",
        "END_LABEL": "27th Street",
        "ADT": 6100,
        "ADT_QUALITY": "G",
        "PERCENT_4_TIRE": 99.08147,
        "PERCENT_BUS": 0.13180999999999998,
        "PERCENT_TRUCK_2_AXLE": 0.46956,
        "PERCENT_TRUCK_3_AXLE": 0.19771,
        "PERCENT_TRUCK_1_TRAIL": 0.11943999999999999,
        "PERCENT_TRUCK_2_TRAIL": 0,
        "CLASS_QUALITY_CODE": "F",
        "K_FACTOR": 0.0983,
        "K_FACTOR_QUALITY_CODE": "F",
        "DIRECTION_FACTOR": 0.5263,
        "AAWDT": 6400,
        "AAWDT_QUALITY_CODE": "G",
        "LOC_COMP_DIRECTIONALITY_NAME": "Master Prime",
        "ROUTE_FROM_MEASURE": 1.19,
        "FROM_JURISDICTION": "City of Norfolk",
        "ROUTE_TO_MEASURE": 1.48,
        "TO_JURISDICTION": "City of Norfolk",
        "PEAK_SINGLE_UNIT_TRUCK": 0.06783,
        "PEAK_COMBINATION_TRUCK": 0.022609999999999998,
        "EVENT_SOURCE_ID": 654137,
        "EVENT_LOCATION_ID": 1,
        "EVENT_COMPONENT_ID": 1,
        "MAXIMUMSCALEDENOMINATOR": 400000,
        "ROUTE_COMMON_NAME_ADT": "Colley AVE (PR - City of Norfolk) - ADT 6100",
        "FROM_DISTRICT": "Hampton Roads",
        "TO_DISTRICT": "Hampton Roads",
        "RTE_TYPE_CD": "ST",
        "RTE_ID": 9129415,
        "DATA_CUSTODIAN_EMAIL": null,
        "METADATA_URL": null,
        "Shape__Length": 595.8514294584272
      }
    },
    {
      "type": "Feature",
      "id": 78920,
      "geometry": {
        "type": "LineString",
        "coordinates": [
          [
            -76.3018883474199,
            36.8763344240295
          ],
          [
            -76.3014474399054,
            36.8762049071126
          ],
          [
            -76.298358152508,
            36.8753063581874
          ],
          [
            -76.2970491966462,
            36.8749260403539
          ],
          [
            -76.2952621834414,
            36.8744048595772
          ],
          [
            -76.2950451594519,
            36.874341716743
          ],
          [
            -76.2935904573252,
            36.8739181011937
          ],
          [
            -76.2927834414167,
            36.8736824657297
          ],
          [
            -76.2918000673533,
            36.8733968079024
          ],
          [
            -76.2901419713749,
            36.8729129995137
          ]
        ]
      },
      "properties": {
        "OBJECTID": 78920,
        "LINKID": "654272",
        "DATA_DATE": 1641013200000,
        "ROUTE_COMMON_NAME": "VA-247E",
        "ROUTE_NAME": "R-VA   SR00247EB",
        "HTRIS_ID": "  SR00247     ",
        "ROUTE_ALIAS": "          ",
        "START_LABEL": "SR 337 Hampton Blvd",
        "END_LABEL": "Colonial Ave",
        "ADT": 3800,
        "ADT_QUALITY": "G",
        "PERCENT_4_TIRE": 97.56414,
        "PERCENT_BUS": 0.6844899999999999,
        "PERCENT_TRUCK_2_AXLE": 1.02864,
        "PERCENT_TRUCK_3_AXLE": 0.28679,
        "PERCENT_TRUCK_1_TRAIL": 0.42827,
        "PERCENT_TRUCK_2_TRAIL": 0.00765,
        "CLASS_QUALITY_CODE": "F",
        "K_FACTOR": 0.10540000000000001,
        "K_FACTOR_QUALITY_CODE": "F",
        "DIRECTION_FACTOR": 1,
        "AAWDT": 4100,
        "AAWDT_QUALITY_CODE": "G",
        "LOC_COMP_DIRECTIONALITY_NAME": "Master Prime",
        "ROUTE_FROM_MEASURE": 0,
        "FROM_JURISDICTION": "City of Norfolk",
        "ROUTE_TO_MEASURE": 0.63,
        "TO_JURISDICTION": "City of Norfolk",
        "PEAK_SINGLE_UNIT_TRUCK": 0.12226,
        "PEAK_COMBINATION_TRUCK": 0.00843,
        "EVENT_SOURCE_ID": 654272,
        "EVENT_LOCATION_ID": 1,
        "EVENT_COMPONENT_ID": 1,
        "MAXIMUMSCALEDENOMINATOR": 400000,
        "ROUTE_COMMON_NAME_ADT": "VA-247E - ADT 3800",
        "FROM_DISTRICT": "Hampton Roads",
        "TO_DISTRICT": "Hampton Roads",
        "RTE_TYPE_CD": "SR",
        "RTE_ID": 1928378,
        "DATA_CUSTODIAN_EMAIL": null,
        "METADATA_URL": null,
        "Shape__Length": 1391.5851710050727
      }
    },
    {
      "type": "Feature",
      "id": 62627,
      "geometry": {
        "type": "LineString",
        "coordinates": [
          [
            -76.2821414281308,
            36.8806908178359
          ],
          [
            -76.2821383451128,
            36.8808827460746
          ],
          [
            -76.2821328626946,
            36.8809811678063
          ],
          [
            -76.2821189100616,
            36.8811580920703
          ],
          [
            -76.2820926020002,
            36.8812968403577
          ],
          [
            -76.2820609516578,
            36.8814160504694
          ],
          [
            -76.2819615369019,
            36.8819253354123
          ],
          [
            -76.2819261423814,
            36.882115012245
          ],
          [
            -76.2818894812363,
            36.8823004312837
          ],
          [
            -76.2817305566862,
            36.8830867709691
          ],
          [
            -76.281721689416,
            36.8831969356235
          ],
          [
            -76.2816937257595,
            36.8833567006755
          ],
          [
            -76.2816700497619,
            36.8834957718966
          ],
          [
            -76.2816501592649,
            36.8836227443734
          ],
          [
            -76.2816005345319,
            36.8839008051188
          ],
          [
            -76.2815865405764,
            36.8840249804451
          ],
          [
            -76.2815462053219,
            36.8842912934139
          ],
          [
            -76.2815276012123,
            36.8844285896364
          ],
          [
            -76.2815084266726,
            36.8845601224094
          ],
          [
            -76.2814885244975,
            36.8846955938441
          ],
          [
            -76.2814686789162,
            36.8848346159232
          ],
          [
            -76.2814510854114,
            36.8849590562982
          ],
          [
            -76.2814316332922,
            36.8850974657279
          ],
          [
            -76.2814124919901,
            36.8852388215075
          ],
          [
            -76.281389854445,
            36.8854025585013
          ],
          [
            -76.2813844870112,
            36.8854430923074
          ],
          [
            -76.2812890446055,
            36.8861083720425
          ],
          [
            -76.2812479565627,
            36.8862896572056
          ],
          [
            -76.2812114607077,
            36.8864288035562
          ],
          [
            -76.2811141237551,
            36.8865902689903
          ],
          [
            -76.2810924078814,
            36.8866310716015
          ],
          [
            -76.280934670904,
            36.8868787895199
          ],
          [
            -76.2808230911626,
            36.8870683132237
          ],
          [
            -76.2794546371846,
            36.8891826597207
          ],
          [
            -76.2794259045702,
            36.8892295119037
          ],
          [
            -76.2794079256881,
            36.8892593866126
          ],
          [
            -76.2793933648957,
            36.8892893403415
          ],
          [
            -76.2793753896069,
            36.8893192157454
          ],
          [
            -76.2793608126448,
            36.8893498476857
          ],
          [
            -76.2793462311911,
            36.8893804796138
          ],
          [
            -76.2793316578222,
            36.8894111115296
          ],
          [
            -76.2793170763685,
            36.8894417441515
          ],
          [
            -76.2793058995298,
            36.8894731289971
          ],
          [
            -76.2792912974148,
            36.8895044484494
          ],
          [
            -76.2792801214744,
            36.8895358332693
          ],
          [
            -76.2792689329575,
            36.8895672144839
          ],
          [
            -76.2792611535471,
            36.8895993529498
          ],
          [
            -76.2792499776067,
            36.8896307341383
          ],
          [
            -76.2792421937047,
            36.8896628682665
          ],
          [
            -76.2792344071079,
            36.8896950066921
          ],
          [
            -76.2792266321891,
            36.8897271364825
          ],
          [
            -76.2792188276259,
            36.8897599617339
          ],
          [
            -76.2792144627119,
            36.8897921575957
          ],
          [
            -76.2792100762384,
            36.8898250410148
          ],
          [
            -76.2792022977264,
            36.8898571750613
          ],
          [
            -76.279126082861,
            36.8904738981189
          ]
        ]
      },
      "properties": {
        "OBJECTID": 62627,
        "LINKID": "654153",
        "DATA_DATE": 1641013200000,
        "ROUTE_COMMON_NAME": "US-460W",
        "ROUTE_NAME": "R-VA   US00460WB",
        "HTRIS_ID": "  US00460W    ",
        "ROUTE_ALIAS": "          ",
        "START_LABEL": "Llewellyn Ave",
        "END_LABEL": "Willow Wood Dr",
        "ADT": 33000,
        "ADT_QUALITY": "G",
        "PERCENT_4_TIRE": 95.92778,
        "PERCENT_BUS": 2.01021,
        "PERCENT_TRUCK_2_AXLE": 1.19162,
        "PERCENT_TRUCK_3_AXLE": 0.25386,
        "PERCENT_TRUCK_1_TRAIL": 0.58545,
        "PERCENT_TRUCK_2_TRAIL": 0.03109,
        "CLASS_QUALITY_CODE": "F",
        "K_FACTOR": 0.09290000000000001,
        "K_FACTOR_QUALITY_CODE": "F",
        "DIRECTION_FACTOR": 0.5205000000000001,
        "AAWDT": 35000,
        "AAWDT_QUALITY_CODE": "G",
        "LOC_COMP_DIRECTIONALITY_NAME": "Master Non-Prime",
        "ROUTE_FROM_MEASURE": 402.16,
        "FROM_JURISDICTION": "City of Norfolk",
        "ROUTE_TO_MEASURE": 403.02,
        "TO_JURISDICTION": "City of Norfolk",
        "PEAK_SINGLE_UNIT_TRUCK": 0.18580000000000002,
        "PEAK_COMBINATION_TRUCK": 0.005569999999999999,
        "EVENT_SOURCE_ID": 654153,
        "EVENT_LOCATION_ID": 1,
        "EVENT_COMPONENT_ID": 2,
        "MAXIMUMSCALEDENOMINATOR": 1600000,
        "ROUTE_COMMON_NAME_ADT": "US-460W - ADT 33000",
        "FROM_DISTRICT": "Hampton Roads",
        "TO_DISTRICT": "Hampton Roads",
        "RTE_TYPE_CD": "US",
        "RTE_ID": 2439860,
        "DATA_CUSTODIAN_EMAIL": null,
        "METADATA_URL": null,
        "Shape__Length": 1421.0462160274271
      }
    },
    {
      "type": "Feature",
      "id": 62879,
      "geometry": {
        "type": "MultiLineString",
        "coordinates": [
          [
            [
              -76.2811938061174,
              36.8736536355441
            ],
            [
              -76.2812128764525,
              36.8737261525775
            ],
            [
              -76.281231947686,
              36.8737986796028
            ],
            [
              -76.2813421700731,
              36.8742389668817
            ],
            [
              -76.2813609511507,
              36.8742983895527
            ],
            [
              -76.2813763527663,
              36.8743563771127
            ],
            [
              -76.2815187051961,
              36.8747505647351
            ]
          ],
          [
            [
              -76.2815187051961,
              36.8747505604234
            ],
            [
              -76.2816738190928,
              36.8756436344205
            ],
            [
              -76.2817285211037,
              36.8759949627254
            ],
            [
              -76.281745779537,
              36.8761065553963
            ]
          ],
          [
            [
              -76.2817457750454,
              36.8761065597078
            ],
            [
              -76.2817945724299,
              36.8765429324599
            ],
            [
              -76.2819225051028,
              36.8770950351541
            ],
            [
              -76.2821075185255,
              36.8777902229861
            ],
            [
              -76.2821361029178,
              36.877972182521
            ],
            [
              -76.2821419572385,
              36.8781151194216
            ],
            [
              -76.2821445398949,
              36.8782524447133
            ],
            [
              -76.2821381465851,
              36.8785098114835
            ],
            [
              -76.2821402567277,
              36.8786684589061
            ],
            [
              -76.2821431618793,
              36.8788063882375
            ],
            [
              -76.2821373524744,
              36.8789407302327
            ],
            [
              -76.2821383325363,
              36.8790650587753
            ],
            [
              -76.2821486649587,
              36.8792450866463
            ],
            [
              -76.2821478501868,
              36.8793334204213
            ],
            [
              -76.2821493351019,
              36.8794682465189
            ],
            [
              -76.2821493395935,
              36.87960745057
            ],
            [
              -76.2821509161368,
              36.8797488430996
            ],
            [
              -76.2821501462806,
              36.879883123078
            ],
            [
              -76.2821462691519,
              36.879965854241
            ],
            [
              -76.2821529148883,
              36.8801659169146
            ],
            [
              -76.2821541267157,
              36.8803125897842
            ],
            [
              -76.2821514703974,
              36.880454553695
            ],
            [
              -76.2821414281308,
              36.8806908178359
            ]
          ]
        ]
      },
      "properties": {
        "OBJECTID": 62879,
        "LINKID": "654152",
        "DATA_DATE": 1641013200000,
        "ROUTE_COMMON_NAME": "US-460W",
        "ROUTE_NAME": "R-VA   US00460WB",
        "HTRIS_ID": "  US00460W    ",
        "ROUTE_ALIAS": "          ",
        "START_LABEL": "Church St",
        "END_LABEL": "Llewellyn Ave",
        "ADT": 24000,
        "ADT_QUALITY": "G",
        "PERCENT_4_TIRE": 95.92778,
        "PERCENT_BUS": 2.01021,
        "PERCENT_TRUCK_2_AXLE": 1.19162,
        "PERCENT_TRUCK_3_AXLE": 0.25386,
        "PERCENT_TRUCK_1_TRAIL": 0.58545,
        "PERCENT_TRUCK_2_TRAIL": 0.03109,
        "CLASS_QUALITY_CODE": "F",
        "K_FACTOR": 0.0845,
        "K_FACTOR_QUALITY_CODE": "F",
        "DIRECTION_FACTOR": 0.5915,
        "AAWDT": 25000,
        "AAWDT_QUALITY_CODE": "G",
        "LOC_COMP_DIRECTIONALITY_NAME": "Master Non-Prime",
        "ROUTE_FROM_MEASURE": 401.77,
        "FROM_JURISDICTION": "City of Norfolk",
        "ROUTE_TO_MEASURE": 402.16,
        "TO_JURISDICTION": "City of Norfolk",
        "PEAK_SINGLE_UNIT_TRUCK": 0.169,
        "PEAK_COMBINATION_TRUCK": 0.00507,
        "EVENT_SOURCE_ID": 654152,
        "EVENT_LOCATION_ID": 1,
        "EVENT_COMPONENT_ID": 2,
        "MAXIMUMSCALEDENOMINATOR": 1600000,
        "ROUTE_COMMON_NAME_ADT": "US-460W - ADT 24000",
        "FROM_DISTRICT": "Hampton Roads",
        "TO_DISTRICT": "Hampton Roads",
        "RTE_TYPE_CD": "US",
        "RTE_ID": 2439860,
        "DATA_CUSTODIAN_EMAIL": null,
        "METADATA_URL": null,
        "Shape__Length": 989.3660600901745
      }
    },
    {
      "type": "Feature",
      "id": 76327,
      "geometry": {
        "type": "LineString",
        "coordinates": [
          [
            -76.282012928621,
            36.8785122402541
          ],
          [
            -76.2821381510767,
            36.8785098114835
          ],
          [
            -76.2830378452747,
            36.8784662071333
          ],
          [
            -76.2843974652202,
            36.8783998204287
          ],
          [
            -76.2849249352938,
            36.8783719894023
          ]
        ]
      },
      "properties": {
        "OBJECTID": 76327,
        "LINKID": "654504",
        "DATA_DATE": 1641013200000,
        "ROUTE_COMMON_NAME": "35Th ST W (PR - City of Norfolk)",
        "ROUTE_NAME": "S-VA122PR 35TH ST W",
        "HTRIS_ID": "43013",
        "ROUTE_ALIAS": "          ",
        "START_LABEL": "Llewellyn Ave",
        "END_LABEL": "Granby St",
        "ADT": 2800,
        "ADT_QUALITY": "G",
        "PERCENT_4_TIRE": 98.44399,
        "PERCENT_BUS": 0.50385,
        "PERCENT_TRUCK_2_AXLE": 0.60759,
        "PERCENT_TRUCK_3_AXLE": 0.28156,
        "PERCENT_TRUCK_1_TRAIL": 0.16301,
        "PERCENT_TRUCK_2_TRAIL": 0,
        "CLASS_QUALITY_CODE": "F",
        "K_FACTOR": 0.08950000000000001,
        "K_FACTOR_QUALITY_CODE": "F",
        "DIRECTION_FACTOR": 0.5745,
        "AAWDT": 3000,
        "AAWDT_QUALITY_CODE": "G",
        "LOC_COMP_DIRECTIONALITY_NAME": "Bidirectional",
        "ROUTE_FROM_MEASURE": 0,
        "FROM_JURISDICTION": "City of Norfolk",
        "ROUTE_TO_MEASURE": 0.15,
        "TO_JURISDICTION": "City of Norfolk",
        "PEAK_SINGLE_UNIT_TRUCK": 0.059969999999999996,
        "PEAK_COMBINATION_TRUCK": 0,
        "EVENT_SOURCE_ID": 654504,
        "EVENT_LOCATION_ID": 1,
        "EVENT_COMPONENT_ID": 1,
        "MAXIMUMSCALEDENOMINATOR": 200000,
        "ROUTE_COMMON_NAME_ADT": "35Th ST W (PR - City of Norfolk) - ADT 2800",
        "FROM_DISTRICT": "Hampton Roads",
        "TO_DISTRICT": "Hampton Roads",
        "RTE_TYPE_CD": "ST",
        "RTE_ID": 9127827,
        "DATA_CUSTODIAN_EMAIL": null,
        "METADATA_URL": null,
        "Shape__Length": 324.76016860140265
      }
    },
    {
      "type": "Feature",
      "id": 68049,
      "geometry": {
        "type": "LineString",
        "coordinates": [
          [
            -76.2868716842274,
            36.8837323837335
          ],
          [
            -76.2867728533765,
            36.883720219154
          ],
          [
            -76.2867557476569,
            36.8837205827262
          ],
          [
            -76.2867386131912,
            36.8837216339241
          ],
          [
            -76.286707732705,
            36.8837251762383
          ],
          [
            -76.2866905353572,
            36.8837282874391
          ],
          [
            -76.286673322738,
            36.8837320819542
          ],
          [
            -76.2866457354756,
            36.8837398031919
          ],
          [
            -76.2866318861489,
            36.8837457245314
          ],
          [
            -76.286614611546,
            36.8837515833591
          ],
          [
            -76.2865868877397,
            36.8837641086314
          ],
          [
            -76.2865729764292,
            36.8837720906893
          ],
          [
            -76.2865590444574,
            36.8837807546233
          ],
          [
            -76.2865450918245,
            36.8837901104925
          ],
          [
            -76.2865311311066,
            36.8837994620495
          ],
          [
            -76.2865205633256,
            36.8838102535221
          ],
          [
            -76.286509991053,
            36.8838210406821
          ],
          [
            -76.2864923310728,
            36.8838399420991
          ],
          [
            -76.2864457354591,
            36.8839132391147
          ],
          [
            -76.2864327296504,
            36.8840070964974
          ],
          [
            -76.2864354488508,
            36.8840311827035
          ],
          [
            -76.2864381833225,
            36.8840545863089
          ],
          [
            -76.2864477746348,
            36.8840774352106
          ],
          [
            -76.2864573955915,
            36.8840995972017
          ],
          [
            -76.2864704418243,
            36.8841211347939
          ],
          [
            -76.2864869348929,
            36.8841420515802
          ],
          [
            -76.2865001428226,
            36.8841580975271
          ],
          [
            -76.2865133965663,
            36.8841727660718
          ],
          [
            -76.2865334065392,
            36.8841903144329
          ],
          [
            -76.2865568929923,
            36.8842058724962
          ],
          [
            -76.2865804001067,
            36.884220740061
          ],
          [
            -76.2866039808829,
            36.884232854983
          ],
          [
            -76.2866853017723,
            36.8842591139137
          ]
        ]
      },
      "properties": {
        "OBJECTID": 68049,
        "LINKID": "654530",
        "DATA_DATE": 1641013200000,
        "ROUTE_COMMON_NAME": "Colonial AVE (PR - City of Norfolk)",
        "ROUTE_NAME": "S-VA122PR COLONIAL AVE",
        "HTRIS_ID": "2135",
        "ROUTE_ALIAS": "          ",
        "START_LABEL": "27Th St",
        "END_LABEL": "New Hampshire Ave",
        "ADT": 2100,
        "ADT_QUALITY": "G",
        "PERCENT_4_TIRE": 99.0913,
        "PERCENT_BUS": 0.30609,
        "PERCENT_TRUCK_2_AXLE": 0.39696,
        "PERCENT_TRUCK_3_AXLE": 0.09565,
        "PERCENT_TRUCK_1_TRAIL": 0.11478,
        "PERCENT_TRUCK_2_TRAIL": 0.0047799999999999995,
        "CLASS_QUALITY_CODE": "F",
        "K_FACTOR": 0.10940000000000001,
        "K_FACTOR_QUALITY_CODE": "F",
        "DIRECTION_FACTOR": 0.7022,
        "AAWDT": 2300,
        "AAWDT_QUALITY_CODE": "G",
        "LOC_COMP_DIRECTIONALITY_NAME": "Master Prime",
        "ROUTE_FROM_MEASURE": 2.004,
        "FROM_JURISDICTION": "City of Norfolk",
        "ROUTE_TO_MEASURE": 2.0740000000000003,
        "TO_JURISDICTION": "City of Norfolk",
        "PEAK_SINGLE_UNIT_TRUCK": 0.05142,
        "PEAK_COMBINATION_TRUCK": 0.02516,
        "EVENT_SOURCE_ID": 654530,
        "EVENT_LOCATION_ID": 1,
        "EVENT_COMPONENT_ID": 2,
        "MAXIMUMSCALEDENOMINATOR": 200000,
        "ROUTE_COMMON_NAME_ADT": "Colonial AVE (PR - City of Norfolk) - ADT 2100",
        "FROM_DISTRICT": "Hampton Roads",
        "TO_DISTRICT": "Hampton Roads",
        "RTE_TYPE_CD": "ST",
        "RTE_ID": 9139357,
        "DATA_CUSTODIAN_EMAIL": null,
        "METADATA_URL": null,
        "Shape__Length": 120.75800631414587
      }
    },
    {
      "type": "Feature",
      "id": 63406,
      "geometry": {
        "type": "LineString",
        "coordinates": [
          [
            -76.3082066264112,
            36.9156581504885
          ],
          [
            -76.3090296188571,
            36.9164235115135
          ],
          [
            -76.3098126192048,
            36.9171524179931
          ],
          [
            -76.3098892392103,
            36.9172239025836
          ],
          [
            -76.3099892333795,
            36.9173157453746
          ],
          [
            -76.3102924390425,
            36.9175981879452
          ]
        ]
      },
      "properties": {
        "OBJECTID": 63406,
        "LINKID": "654164",
        "DATA_DATE": 1641013200000,
        "ROUTE_COMMON_NAME": "VA-337W",
        "ROUTE_NAME": "R-VA   SR00337WB",
        "HTRIS_ID": "  SR00337W    ",
        "ROUTE_ALIAS": "          ",
        "START_LABEL": "SR 165 Little Creek Rd",
        "END_LABEL": "SR 406 Terminal Blvd",
        "ADT": 30000,
        "ADT_QUALITY": "G",
        "PERCENT_4_TIRE": 94.07758,
        "PERCENT_BUS": 0.37485999999999997,
        "PERCENT_TRUCK_2_AXLE": 0.42493,
        "PERCENT_TRUCK_3_AXLE": 0.49068,
        "PERCENT_TRUCK_1_TRAIL": 4.6347499999999995,
        "PERCENT_TRUCK_2_TRAIL": 3.9999999999999996e-05,
        "CLASS_QUALITY_CODE": "F",
        "K_FACTOR": 0.0776,
        "K_FACTOR_QUALITY_CODE": "F",
        "DIRECTION_FACTOR": 0.6086,
        "AAWDT": 35000,
        "AAWDT_QUALITY_CODE": "G",
        "LOC_COMP_DIRECTIONALITY_NAME": "Master Non-Prime",
        "ROUTE_FROM_MEASURE": 32.82,
        "FROM_JURISDICTION": "City of Norfolk",
        "ROUTE_TO_MEASURE": 33,
        "TO_JURISDICTION": "City of Norfolk",
        "PEAK_SINGLE_UNIT_TRUCK": 0.08691,
        "PEAK_COMBINATION_TRUCK": 0.1552,
        "EVENT_SOURCE_ID": 654164,
        "EVENT_LOCATION_ID": 1,
        "EVENT_COMPONENT_ID": 2,
        "MAXIMUMSCALEDENOMINATOR": 1600000,
        "ROUTE_COMMON_NAME_ADT": "VA-337W - ADT 30000",
        "FROM_DISTRICT": "Hampton Roads",
        "TO_DISTRICT": "Hampton Roads",
        "RTE_TYPE_CD": "SR",
        "RTE_ID": 2402080,
        "DATA_CUSTODIAN_EMAIL": null,
        "METADATA_URL": null,
        "Shape__Length": 356.1996345908349
      }
    },
    {
      "type": "Feature",
      "id": 75116,
      "geometry": {
        "type": "MultiLineString",
        "coordinates": [
          [
            [
              -76.2949014245149,
              36.8758741143756
            ],
            [
              -76.2948183339444,
              36.8762619921105
            ],
            [
              -76.2948101988012,
              36.8763064772757
            ],
            [
              -76.2948077032813,
              36.8763922914763
            ],
            [
              -76.2948039384419,
              36.8767569267384
            ],
            [
              -76.2947974005033,
              36.8770995449904
            ],
            [
              -76.2947897863829,
              36.8778315677958
            ]
          ],
          [
            [
              -76.2947897863829,
              36.8778315721072
            ],
            [
              -76.2947822971284,
              36.8785594776717
            ],
            [
              -76.2947793102301,
              36.8788973539144
            ],
            [
              -76.2947679725929,
              36.8792872670767
            ],
            [
              -76.2947462692956,
              36.880033449634
            ],
            [
              -76.2947379769473,
              36.8807888216191
            ],
            [
              -76.2947655264804,
              36.8814878538048
            ],
            [
              -76.2948026466646,
              36.8822104174099
            ],
            [
              -76.2948403381773,
              36.8829137614129
            ],
            [
              -76.2948772265961,
              36.8836445673537
            ],
            [
              -76.2949115125955,
              36.8843471623859
            ],
            [
              -76.2949484387436,
              36.8850765944694
            ],
            [
              -76.2949871516408,
              36.8857449281622
            ],
            [
              -76.2949864275986,
              36.8857696389176
            ],
            [
              -76.2950266137329,
              36.8865046286294
            ],
            [
              -76.2950641642101,
              36.8872127721022
            ],
            [
              -76.2951014380062,
              36.8879305402661
            ],
            [
              -76.2951388806855,
              36.8886421177602
            ],
            [
              -76.2951703360935,
              36.8893247436494
            ],
            [
              -76.2952049490797,
              36.8900163521249
            ],
            [
              -76.2952296024444,
              36.8904625730549
            ],
            [
              -76.2952341209702,
              36.8905423370192
            ],
            [
              -76.2952454702856,
              36.8906222172902
            ],
            [
              -76.2952535596147,
              36.8906972356826
            ]
          ]
        ]
      },
      "properties": {
        "OBJECTID": 75116,
        "LINKID": "654138",
        "DATA_DATE": 1641013200000,
        "ROUTE_COMMON_NAME": "Colley AVE (PR - City of Norfolk)",
        "ROUTE_NAME": "S-VA122PR COLLEY AVE",
        "HTRIS_ID": "32255",
        "ROUTE_ALIAS": "          ",
        "START_LABEL": "27th St",
        "END_LABEL": "52rd Street",
        "ADT": 12000,
        "ADT_QUALITY": "G",
        "PERCENT_4_TIRE": 99.08147,
        "PERCENT_BUS": 0.13180999999999998,
        "PERCENT_TRUCK_2_AXLE": 0.46956,
        "PERCENT_TRUCK_3_AXLE": 0.19771,
        "PERCENT_TRUCK_1_TRAIL": 0.11943999999999999,
        "PERCENT_TRUCK_2_TRAIL": 0,
        "CLASS_QUALITY_CODE": "C",
        "K_FACTOR": 0.0898,
        "K_FACTOR_QUALITY_CODE": "F",
        "DIRECTION_FACTOR": 0.5307000000000001,
        "AAWDT": 12000,
        "AAWDT_QUALITY_CODE": "G",
        "LOC_COMP_DIRECTIONALITY_NAME": "Bidirectional",
        "ROUTE_FROM_MEASURE": 1.53,
        "FROM_JURISDICTION": "City of Norfolk",
        "ROUTE_TO_MEASURE": 2.57,
        "TO_JURISDICTION": "City of Norfolk",
        "PEAK_SINGLE_UNIT_TRUCK": 0.061959999999999994,
        "PEAK_COMBINATION_TRUCK": 0.020649999999999998,
        "EVENT_SOURCE_ID": 654138,
        "EVENT_LOCATION_ID": 1,
        "EVENT_COMPONENT_ID": 2,
        "MAXIMUMSCALEDENOMINATOR": 400000,
        "ROUTE_COMMON_NAME_ADT": "Colley AVE (PR - City of Norfolk) - ADT 12000",
        "FROM_DISTRICT": "Hampton Roads",
        "TO_DISTRICT": "Hampton Roads",
        "RTE_TYPE_CD": "ST",
        "RTE_ID": 9129415,
        "DATA_CUSTODIAN_EMAIL": null,
        "METADATA_URL": null,
        "Shape__Length": 2065.1554082474554
      }
    },
    {
      "type": "Feature",
      "id": 84093,
      "geometry": {
        "type": "LineString",
        "coordinates": [
          [
            -76.3101254952317,
            36.9176919213124
          ],
          [
            -76.310048854565,
            36.9177392580159
          ],
          [
            -76.3100105593844,
            36.9177619000464
          ],
          [
            -76.3099722884583,
            36.9177838468511
          ],
          [
            -76.3099340220239,
            36.9178058022679
          ],
          [
            -76.3098923419913,
            36.9178270085947
          ],
          [
            -76.3098541132861,
            36.9178475857716
          ],
          [
            -76.3097777834364,
            36.9178839403745
          ],
          [
            -76.3096946012377,
            36.9179208451014
          ],
          [
            -76.3096496109133,
            36.9179385551984
          ],
          [
            -76.3096080503567,
            36.9179556404574
          ],
          [
            -76.3095665068681,
            36.9179727293036
          ],
          [
            -76.3095215704426,
            36.9179883745648
          ],
          [
            -76.3094766546784,
            36.9180033281968
          ],
          [
            -76.3094351605971,
            36.9180183529275
          ],
          [
            -76.3093902699858,
            36.9180326321646
          ],
          [
            -76.3093453955441,
            36.9180462204916
          ],
          [
            -76.3093005417636,
            36.9180591186269
          ],
          [
            -76.3092522860632,
            36.9180712712697
          ],
          [
            -76.3092074736052,
            36.9180827947685
          ],
          [
            -76.3091626827068,
            36.9180936402862
          ],
          [
            -76.3091144889902,
            36.9181037281028
          ],
          [
            -76.3090697349227,
            36.918113199704
          ],
          [
            -76.309021558274,
            36.9181226045115
          ],
          [
            -76.3089768410375,
            36.9181306978878
          ],
          [
            -76.3089287057113,
            36.9181387251891
          ],
          [
            -76.308884026204,
            36.9181454532692
          ],
          [
            -76.3088359322003,
            36.9181521152745
          ],
          [
            -76.3087707207989,
            36.9181591370964
          ],
          [
            -76.3068451532413,
            36.9183677402843
          ],
          [
            -76.3056270170548,
            36.918487181932
          ],
          [
            -76.3044059559537,
            36.9185893860223
          ],
          [
            -76.3031853871294,
            36.9186744215712
          ],
          [
            -76.3019447544333,
            36.918743262505
          ],
          [
            -76.3012459783299,
            36.9187693429419
          ],
          [
            -76.3005469048842,
            36.9188057222421
          ],
          [
            -76.2991650570254,
            36.9189062338477
          ],
          [
            -76.2988973833252,
            36.9189335021162
          ],
          [
            -76.2965569099891,
            36.9191705772084
          ],
          [
            -76.2941885349801,
            36.9194256191442
          ],
          [
            -76.2932068497495,
            36.919531513448
          ],
          [
            -76.2889263890987,
            36.9199978029994
          ],
          [
            -76.2865340398515,
            36.9202515573475
          ]
        ]
      },
      "properties": {
        "OBJECTID": 84093,
        "LINKID": "150120",
        "DATA_DATE": 1641013200000,
        "ROUTE_COMMON_NAME": "VA-406E",
        "ROUTE_NAME": "R-VA   SR00406EB",
        "HTRIS_ID": "  SR00406     ",
        "ROUTE_ALIAS": "          ",
        "START_LABEL": "SR 337 Hampton Blvd",
        "END_LABEL": "Ruthven Rd",
        "ADT": 20000,
        "ADT_QUALITY": "A",
        "PERCENT_4_TIRE": 96.33549,
        "PERCENT_BUS": 0.29735,
        "PERCENT_TRUCK_2_AXLE": 0.6157199999999999,
        "PERCENT_TRUCK_3_AXLE": 0.33543,
        "PERCENT_TRUCK_1_TRAIL": 2.42009,
        "PERCENT_TRUCK_2_TRAIL": 0.00016999999999999999,
        "CLASS_QUALITY_CODE": "C",
        "K_FACTOR": 0.0945,
        "K_FACTOR_QUALITY_CODE": "A",
        "DIRECTION_FACTOR": 0.5528000000000001,
        "AAWDT": 22000,
        "AAWDT_QUALITY_CODE": "A",
        "LOC_COMP_DIRECTIONALITY_NAME": "Master Prime",
        "ROUTE_FROM_MEASURE": 0,
        "FROM_JURISDICTION": "City of Norfolk",
        "ROUTE_TO_MEASURE": 1.33,
        "TO_JURISDICTION": "City of Norfolk",
        "PEAK_SINGLE_UNIT_TRUCK": 0.06426,
        "PEAK_COMBINATION_TRUCK": 0.19845,
        "EVENT_SOURCE_ID": 150120,
        "EVENT_LOCATION_ID": 1,
        "EVENT_COMPONENT_ID": 1,
        "MAXIMUMSCALEDENOMINATOR": 1600000,
        "ROUTE_COMMON_NAME_ADT": "VA-406E - ADT 20000",
        "FROM_DISTRICT": "Hampton Roads",
        "TO_DISTRICT": "Hampton Roads",
        "RTE_TYPE_CD": "SR",
        "RTE_ID": 2032954,
        "DATA_CUSTODIAN_EMAIL": null,
        "METADATA_URL": null,
        "Shape__Length": 2659.5903810903137
      }
    },
    {
      "type": "Feature",
      "id": 94074,
      "geometry": {
        "type": "LineString",
        "coordinates": [
          [
            -76.3016066132889,
            36.8732106651533
          ],
          [
            -76.3016642527908,
            36.8735800218313
          ],
          [
            -76.3017251774317,
            36.8739704112741
          ],
          [
            -76.3017954292802,
            36.8747291021095
          ],
          [
            -76.3018382178338,
            36.8755263447371
          ],
          [
            -76.3018883474199,
            36.8763344240295
          ]
        ]
      },
      "properties": {
        "OBJECTID": 94074,
        "LINKID": "654161",
        "DATA_DATE": 1641013200000,
        "ROUTE_COMMON_NAME": "VA-337E",
        "ROUTE_NAME": "R-VA   SR00337EB",
        "HTRIS_ID": "  SR00337     ",
        "ROUTE_ALIAS": "          ",
        "START_LABEL": "21st Street",
        "END_LABEL": "SR 247, 26th St",
        "ADT": 32000,
        "ADT_QUALITY": "G",
        "PERCENT_4_TIRE": 94.07758,
        "PERCENT_BUS": 0.37485999999999997,
        "PERCENT_TRUCK_2_AXLE": 0.42493,
        "PERCENT_TRUCK_3_AXLE": 0.49068,
        "PERCENT_TRUCK_1_TRAIL": 4.6347499999999995,
        "PERCENT_TRUCK_2_TRAIL": 3.9999999999999996e-05,
        "CLASS_QUALITY_CODE": "F",
        "K_FACTOR": 0.08120000000000001,
        "K_FACTOR_QUALITY_CODE": "F",
        "DIRECTION_FACTOR": 0.5730000000000001,
        "AAWDT": 37000,
        "AAWDT_QUALITY_CODE": "G",
        "LOC_COMP_DIRECTIONALITY_NAME": "Master Prime",
        "ROUTE_FROM_MEASURE": 29.82,
        "FROM_JURISDICTION": "City of Norfolk",
        "ROUTE_TO_MEASURE": 30.04,
        "TO_JURISDICTION": "City of Norfolk",
        "PEAK_SINGLE_UNIT_TRUCK": 0.09094,
        "PEAK_COMBINATION_TRUCK": 0.16240000000000002,
        "EVENT_SOURCE_ID": 654161,
        "EVENT_LOCATION_ID": 1,
        "EVENT_COMPONENT_ID": 1,
        "MAXIMUMSCALEDENOMINATOR": 1600000,
        "ROUTE_COMMON_NAME_ADT": "VA-337E - ADT 32000",
        "FROM_DISTRICT": "Hampton Roads",
        "TO_DISTRICT": "Hampton Roads",
        "RTE_TYPE_CD": "SR",
        "RTE_ID": 2133369,
        "DATA_CUSTODIAN_EMAIL": null,
        "METADATA_URL": null,
        "Shape__Length": 436.0472885219452
      }
    },
    {
      "type": "Feature",
      "id": 67662,
      "geometry": {
        "type": "LineString",
        "coordinates": [
          [
            -76.2965302291268,
            36.8587748790023
          ],
          [
            -76.2964863769679,
            36.8588722748056
          ],
          [
            -76.2964244174678,
            36.8590043619064
          ],
          [
            -76.2963723843516,
            36.8591107483076
          ],
          [
            -76.2961081772501,
            36.8596509221393
          ],
          [
            -76.2957119663109,
            36.8604608267793
          ],
          [
            -76.2956320072675,
            36.8606241705574
          ],
          [
            -76.2954430179014,
            36.8610093794347
          ],
          [
            -76.2953194294812,
            36.861261871634
          ],
          [
            -76.2949448463808,
            36.8620330299307
          ],
          [
            -76.2947594278179,
            36.8624128096631
          ],
          [
            -76.2945889167972,
            36.8627502765051
          ],
          [
            -76.2945635196275,
            36.862800629255
          ],
          [
            -76.2945235526822,
            36.8628816101549
          ],
          [
            -76.2945053878488,
            36.8629183668335
          ],
          [
            -76.294211818414,
            36.8634897971567
          ],
          [
            -76.2941751491841,
            36.8635749652595
          ],
          [
            -76.2935033692517,
            36.8651585603681
          ],
          [
            -76.2932022943927,
            36.8658699684328
          ],
          [
            -76.2931729572121,
            36.8659381052561
          ],
          [
            -76.2928753875793,
            36.8666461368775
          ],
          [
            -76.2928606031063,
            36.8666843212046
          ],
          [
            -76.2925776391817,
            36.8673603511764
          ],
          [
            -76.2925446817906,
            36.8674352824654
          ],
          [
            -76.2925080080691,
            36.8675204504824
          ],
          [
            -76.2921893810277,
            36.8682466346447
          ],
          [
            -76.2920348716972,
            36.8686139060451
          ],
          [
            -76.2920314158783,
            36.868622115347
          ],
          [
            -76.2918772335345,
            36.8689852986371
          ],
          [
            -76.2915580719955,
            36.8697293374862
          ],
          [
            -76.2915470784131,
            36.8697545406711
          ],
          [
            -76.2914885819184,
            36.8698846290743
          ],
          [
            -76.291213405489,
            36.8705271475667
          ],
          [
            -76.2911446107079,
            36.8706782514267
          ],
          [
            -76.2910744001819,
            36.8708384213933
          ],
          [
            -76.2907637591634,
            36.8715242211271
          ],
          [
            -76.2904563951991,
            36.8722149028283
          ],
          [
            -76.2901419677816,
            36.8729129995137
          ],
          [
            -76.289823981239,
            36.873615838442
          ]
        ]
      },
      "properties": {
        "OBJECTID": 67662,
        "LINKID": "654529",
        "DATA_DATE": 1641013200000,
        "ROUTE_COMMON_NAME": "Colonial AVE (PR - City of Norfolk)",
        "ROUTE_NAME": "S-VA122PR COLONIAL AVE",
        "HTRIS_ID": "2135",
        "ROUTE_ALIAS": "          ",
        "START_LABEL": "Olney Rd",
        "END_LABEL": "27th St",
        "ADT": 5800,
        "ADT_QUALITY": "G",
        "PERCENT_4_TIRE": 99.0913,
        "PERCENT_BUS": 0.30609,
        "PERCENT_TRUCK_2_AXLE": 0.39696,
        "PERCENT_TRUCK_3_AXLE": 0.09565,
        "PERCENT_TRUCK_1_TRAIL": 0.11478,
        "PERCENT_TRUCK_2_TRAIL": 0.0047799999999999995,
        "CLASS_QUALITY_CODE": "F",
        "K_FACTOR": 0.093,
        "K_FACTOR_QUALITY_CODE": "F",
        "DIRECTION_FACTOR": 0.5439,
        "AAWDT": 6200,
        "AAWDT_QUALITY_CODE": "G",
        "LOC_COMP_DIRECTIONALITY_NAME": "Bidirectional",
        "ROUTE_FROM_MEASURE": 0.20800000000000002,
        "FROM_JURISDICTION": "City of Norfolk",
        "ROUTE_TO_MEASURE": 1.296,
        "TO_JURISDICTION": "City of Norfolk",
        "PEAK_SINGLE_UNIT_TRUCK": 0.04371,
        "PEAK_COMBINATION_TRUCK": 0.02139,
        "EVENT_SOURCE_ID": 654529,
        "EVENT_LOCATION_ID": 1,
        "EVENT_COMPONENT_ID": 1,
        "MAXIMUMSCALEDENOMINATOR": 200000,
        "ROUTE_COMMON_NAME_ADT": "Colonial AVE (PR - City of Norfolk) - ADT 5800",
        "FROM_DISTRICT": "Hampton Roads",
        "TO_DISTRICT": "Hampton Roads",
        "RTE_TYPE_CD": "ST",
        "RTE_ID": 9139357,
        "DATA_CUSTODIAN_EMAIL": null,
        "METADATA_URL": null,
        "Shape__Length": 2196.2983931940316
      }
    },
    {
      "type": "Feature",
      "id": 67986,
      "geometry": {
        "type": "LineString",
        "coordinates": [
          [
            -76.2883936629824,
            36.8683709920937
          ],
          [
            -76.2881975275182,
            36.8691166366618
          ],
          [
            -76.2881860165062,
            36.8691596944194
          ],
          [
            -76.2881436321944,
            36.8693230512232
          ],
          [
            -76.2880944422461,
            36.8694855840978
          ],
          [
            -76.2880452648742,
            36.8696474461219
          ],
          [
            -76.2880033899072,
            36.8697631767307
          ],
          [
            -76.287933688726,
            36.8699557993393
          ],
          [
            -76.2877134954802,
            36.8704709019743
          ],
          [
            -76.2876914786709,
            36.8705219999031
          ],
          [
            -76.2876476875974,
            36.8706166477252
          ],
          [
            -76.2873297477672,
            36.8713174222922
          ],
          [
            -76.2870154730634,
            36.8720093325687
          ],
          [
            -76.2866975862338,
            36.8727080419647
          ],
          [
            -76.2863796257424,
            36.8734088117184
          ],
          [
            -76.2860619006095,
            36.8741013390237
          ],
          [
            -76.2858973939282,
            36.8744650151006
          ],
          [
            -76.2857475845832,
            36.8747939412527
          ],
          [
            -76.2854330870972,
            36.8754927164395
          ],
          [
            -76.2851150224011,
            36.8761962214799
          ],
          [
            -76.2848665798346,
            36.8767403216121
          ],
          [
            -76.2848190823123,
            36.8768445203725
          ],
          [
            -76.2848116469567,
            36.8768649771009
          ],
          [
            -76.2847963531389,
            36.8769203326871
          ],
          [
            -76.2847908626359,
            36.8769909689552
          ],
          [
            -76.2847904404278,
            36.877005385216
          ],
          [
            -76.2848536782305,
            36.8776501504532
          ],
          [
            -76.2849249317005,
            36.8783719894023
          ]
        ]
      },
      "properties": {
        "OBJECTID": 67986,
        "LINKID": "654188",
        "DATA_DATE": 1641013200000,
        "ROUTE_COMMON_NAME": "Llewellyn AVE (PR - City of Norfolk)",
        "ROUTE_NAME": "S-VA122PR LLEWELLYN AVE",
        "HTRIS_ID": "26625",
        "ROUTE_ALIAS": "          ",
        "START_LABEL": "21st Street",
        "END_LABEL": "35th Street",
        "ADT": 6000,
        "ADT_QUALITY": "G",
        "PERCENT_4_TIRE": 98.55139,
        "PERCENT_BUS": 0.51574,
        "PERCENT_TRUCK_2_AXLE": 0.59158,
        "PERCENT_TRUCK_3_AXLE": 0.15927,
        "PERCENT_TRUCK_1_TRAIL": 0.18202,
        "PERCENT_TRUCK_2_TRAIL": 0,
        "CLASS_QUALITY_CODE": "F",
        "K_FACTOR": 0.1012,
        "K_FACTOR_QUALITY_CODE": "F",
        "DIRECTION_FACTOR": 0.5075000000000001,
        "AAWDT": 6400,
        "AAWDT_QUALITY_CODE": "G",
        "LOC_COMP_DIRECTIONALITY_NAME": "Bidirectional",
        "ROUTE_FROM_MEASURE": 0.81,
        "FROM_JURISDICTION": "City of Norfolk",
        "ROUTE_TO_MEASURE": 1.53,
        "TO_JURISDICTION": "City of Norfolk",
        "PEAK_SINGLE_UNIT_TRUCK": 0.06274,
        "PEAK_COMBINATION_TRUCK": 0.04756,
        "EVENT_SOURCE_ID": 654188,
        "EVENT_LOCATION_ID": 1,
        "EVENT_COMPONENT_ID": 1,
        "MAXIMUMSCALEDENOMINATOR": 400000,
        "ROUTE_COMMON_NAME_ADT": "Llewellyn AVE (PR - City of Norfolk) - ADT 6000",
        "FROM_DISTRICT": "Hampton Roads",
        "TO_DISTRICT": "Hampton Roads",
        "RTE_TYPE_CD": "ST",
        "RTE_ID": 9130165,
        "DATA_CUSTODIAN_EMAIL": null,
        "METADATA_URL": null,
        "Shape__Length": 1459.3608962028097
      }
    },
    {
      "type": "Feature",
      "id": 64777,
      "geometry": {
        "type": "LineString",
        "coordinates": [
          [
            -76.2811673273761,
            36.8735529443159
          ],
          [
            -76.2811938061174,
            36.8736536355441
          ]
        ]
      },
      "properties": {
        "OBJECTID": 64777,
        "LINKID": "654206",
        "DATA_DATE": 1641013200000,
        "ROUTE_COMMON_NAME": "US-460W",
        "ROUTE_NAME": "R-VA   US00460WB",
        "HTRIS_ID": "  US00460W    ",
        "ROUTE_ALIAS": "          ",
        "START_LABEL": "21st St",
        "END_LABEL": "Church St",
        "ADT": 14000,
        "ADT_QUALITY": "G",
        "PERCENT_4_TIRE": 95.92778,
        "PERCENT_BUS": 2.01021,
        "PERCENT_TRUCK_2_AXLE": 1.19162,
        "PERCENT_TRUCK_3_AXLE": 0.25386,
        "PERCENT_TRUCK_1_TRAIL": 0.58545,
        "PERCENT_TRUCK_2_TRAIL": 0.03109,
        "CLASS_QUALITY_CODE": "F",
        "K_FACTOR": 0.0917,
        "K_FACTOR_QUALITY_CODE": "F",
        "DIRECTION_FACTOR": 0.5191,
        "AAWDT": 26000,
        "AAWDT_QUALITY_CODE": "G",
        "LOC_COMP_DIRECTIONALITY_NAME": "Master Non-Prime",
        "ROUTE_FROM_MEASURE": 401.76,
        "FROM_JURISDICTION": "City of Norfolk",
        "ROUTE_TO_MEASURE": 401.77,
        "TO_JURISDICTION": "City of Norfolk",
        "PEAK_SINGLE_UNIT_TRUCK": 0.1834,
        "PEAK_COMBINATION_TRUCK": 0.0055000000000000005,
        "EVENT_SOURCE_ID": 654206,
        "EVENT_LOCATION_ID": 1,
        "EVENT_COMPONENT_ID": 5,
        "MAXIMUMSCALEDENOMINATOR": 1600000,
        "ROUTE_COMMON_NAME_ADT": "US-460W - ADT 14000",
        "FROM_DISTRICT": "Hampton Roads",
        "TO_DISTRICT": "Hampton Roads",
        "RTE_TYPE_CD": "US",
        "RTE_ID": 2439860,
        "DATA_CUSTODIAN_EMAIL": null,
        "METADATA_URL": null,
        "Shape__Length": 14.318480539426202
      }
    },
    {
      "type": "Feature",
      "id": 67717,
      "geometry": {
        "type": "MultiLineString",
        "coordinates": [
          [
            [
              -76.3123467747061,
              36.8796193262246
            ],
            [
              -76.3123178471574,
              36.8796737377819
            ],
            [
              -76.3123067619468,
              36.8797023759954
            ],
            [
              -76.3122993679137,
              36.8797214717246
            ],
            [
              -76.3122953955635,
              36.8797406256522
            ],
            [
              -76.3122866235147,
              36.8798077778937
            ],
            [
              -76.3123065301814,
              36.8801845246287
            ],
            [
              -76.3123439611827,
              36.8809022848531
            ],
            [
              -76.3123847473915,
              36.8816221630597
            ],
            [
              -76.3124257815354,
              36.8823338029408
            ],
            [
              -76.3124636473212,
              36.8830364553013
            ],
            [
              -76.3125010567629,
              36.8837548979004
            ],
            [
              -76.3125557956048,
              36.8848212013088
            ]
          ],
          [
            [
              -76.3125557920115,
              36.8848212013088
            ],
            [
              -76.312616439073,
              36.885919894968
            ],
            [
              -76.312615094295,
              36.8859665738391
            ],
            [
              -76.3126171640134,
              36.8860133144727
            ],
            [
              -76.3126192364268,
              36.8860600593888
            ],
            [
              -76.3126213348913,
              36.8861061166719
            ],
            [
              -76.3126268209027,
              36.8861529276331
            ],
            [
              -76.3126323078124,
              36.886199730662
            ],
            [
              -76.3126774104262,
              36.8865330013116
            ]
          ]
        ]
      },
      "properties": {
        "OBJECTID": 67717,
        "LINKID": "654572",
        "DATA_DATE": 1641013200000,
        "ROUTE_COMMON_NAME": "Powhatan AVE (PR - City of Norfolk)",
        "ROUTE_NAME": "S-VA122PR POWHATAN AVE",
        "HTRIS_ID": "15878",
        "ROUTE_ALIAS": "          ",
        "START_LABEL": "Powhatan Avenue",
        "END_LABEL": "38th St",
        "ADT": 5200,
        "ADT_QUALITY": "G",
        "PERCENT_4_TIRE": 99.0913,
        "PERCENT_BUS": 0.30609,
        "PERCENT_TRUCK_2_AXLE": 0.39696,
        "PERCENT_TRUCK_3_AXLE": 0.09565,
        "PERCENT_TRUCK_1_TRAIL": 0.11478,
        "PERCENT_TRUCK_2_TRAIL": 0.0047799999999999995,
        "CLASS_QUALITY_CODE": "F",
        "K_FACTOR": 0.07730000000000001,
        "K_FACTOR_QUALITY_CODE": "F",
        "DIRECTION_FACTOR": 0.5524,
        "AAWDT": 9700,
        "AAWDT_QUALITY_CODE": "G",
        "LOC_COMP_DIRECTIONALITY_NAME": "Master Prime",
        "ROUTE_FROM_MEASURE": 0.101,
        "FROM_JURISDICTION": "City of Norfolk",
        "ROUTE_TO_MEASURE": 0.5840000000000001,
        "TO_JURISDICTION": "City of Norfolk",
        "PEAK_SINGLE_UNIT_TRUCK": 0.03633,
        "PEAK_COMBINATION_TRUCK": 0.01778,
        "EVENT_SOURCE_ID": 654572,
        "EVENT_LOCATION_ID": 1,
        "EVENT_COMPONENT_ID": 2,
        "MAXIMUMSCALEDENOMINATOR": 200000,
        "ROUTE_COMMON_NAME_ADT": "Powhatan AVE (PR - City of Norfolk) - ADT 5200",
        "FROM_DISTRICT": "Hampton Roads",
        "TO_DISTRICT": "Hampton Roads",
        "RTE_TYPE_CD": "ST",
        "RTE_ID": 9134297,
        "DATA_CUSTODIAN_EMAIL": null,
        "METADATA_URL": null,
        "Shape__Length": 964.3898084876249
      }
    },
    {
      "type": "Feature",
      "id": 75975,
      "geometry": {
        "type": "LineString",
        "coordinates": [
          [
            -76.3019340330403,
            36.8771339177523
          ],
          [
            -76.3000398014148,
            36.8765863747884
          ],
          [
            -76.2994239227442,
            36.8764074149436
          ],
          [
            -76.2985049084793,
            36.8761408747106
          ],
          [
            -76.2980369149624,
            36.8760057258385
          ],
          [
            -76.2978130844379,
            36.8759410846192
          ],
          [
            -76.2967381415044,
            36.8756276542328
          ],
          [
            -76.2951308165092,
            36.8751592926879
          ],
          [
            -76.2949036217941,
            36.8750932157013
          ],
          [
            -76.2932759715173,
            36.8746189575767
          ],
          [
            -76.2924689062014,
            36.8743846917898
          ],
          [
            -76.2914889466344,
            36.8740990926404
          ],
          [
            -76.2898239857306,
            36.8736158427537
          ],
          [
            -76.2880336083351,
            36.8730951747568
          ],
          [
            -76.2878210292096,
            36.8730336333686
          ],
          [
            -76.2876402567334,
            36.8729813068369
          ],
          [
            -76.2866975862338,
            36.8727080462765
          ]
        ]
      },
      "properties": {
        "OBJECTID": 75975,
        "LINKID": "654274",
        "DATA_DATE": 1641013200000,
        "ROUTE_COMMON_NAME": "VA-247P",
        "ROUTE_NAME": "R-VA   SR00247PA001",
        "HTRIS_ID": " 1SR00247P    ",
        "ROUTE_ALIAS": "          ",
        "START_LABEL": "SR 337 Hampton Blvd",
        "END_LABEL": "Llewellyn Ave",
        "ADT": 12000,
        "ADT_QUALITY": "G",
        "PERCENT_4_TIRE": 98.13982,
        "PERCENT_BUS": 0.39970999999999995,
        "PERCENT_TRUCK_2_AXLE": 0.7917299999999999,
        "PERCENT_TRUCK_3_AXLE": 0.30362,
        "PERCENT_TRUCK_1_TRAIL": 0.36511,
        "PERCENT_TRUCK_2_TRAIL": 0,
        "CLASS_QUALITY_CODE": "C",
        "K_FACTOR": 0.0845,
        "K_FACTOR_QUALITY_CODE": "F",
        "DIRECTION_FACTOR": 1,
        "AAWDT": 23000,
        "AAWDT_QUALITY_CODE": "G",
        "LOC_COMP_DIRECTIONALITY_NAME": "Master Non-Prime",
        "ROUTE_FROM_MEASURE": 0,
        "FROM_JURISDICTION": "City of Norfolk",
        "ROUTE_TO_MEASURE": 0.79,
        "TO_JURISDICTION": "City of Norfolk",
        "PEAK_SINGLE_UNIT_TRUCK": 0.12844,
        "PEAK_COMBINATION_TRUCK": 0.02282,
        "EVENT_SOURCE_ID": 654274,
        "EVENT_LOCATION_ID": 1,
        "EVENT_COMPONENT_ID": 1,
        "MAXIMUMSCALEDENOMINATOR": 400000,
        "ROUTE_COMMON_NAME_ADT": "VA-247P - ADT 12000",
        "FROM_DISTRICT": "Hampton Roads",
        "TO_DISTRICT": "Hampton Roads",
        "RTE_TYPE_CD": "SR",
        "RTE_ID": 2120996,
        "DATA_CUSTODIAN_EMAIL": null,
        "METADATA_URL": null,
        "Shape__Length": 1804.4761248543045
      }
    },
    {
      "type": "Feature",
      "id": 66529,
      "geometry": {
        "type": "MultiLineString",
        "coordinates": [
          [
            [
              -76.30582310401,
              36.9118326365028
            ],
            [
              -76.3060257235139,
              36.9118062039023
            ]
          ],
          [
            [
              -76.3057478745965,
              36.9113586927882
            ],
            [
              -76.3059501751985,
              36.9113432336335
            ],
            [
              -76.3062177716435,
              36.9113180096989
            ],
            [
              -76.3063618623134,
              36.9113042140319
            ],
            [
              -76.3064203498249,
              36.9112929430556
            ],
            [
              -76.306471943665,
              36.9112836042043
            ],
            [
              -76.3065235132505,
              36.9112749520111
            ],
            [
              -76.3065750621747,
              36.9112669821667
            ],
            [
              -76.3066265904378,
              36.9112596996991
            ],
            [
              -76.3066815026544,
              36.9112538530385
            ],
            [
              -76.3067329940865,
              36.9112479481982
            ],
            [
              -76.3067878775571,
              36.9112427925059
            ],
            [
              -76.3068393150903,
              36.9112389447703
            ],
            [
              -76.3068907229791,
              36.9112357872855
            ],
            [
              -76.3069455570423,
              36.9112326843886
            ],
            [
              -76.3069969316934,
              36.911230900941
            ],
            [
              -76.3070516956881,
              36.9112298537132
            ],
            [
              -76.307192136503,
              36.9112242347399
            ],
            [
              -76.3072742766559,
              36.9112230223114
            ],
            [
              -76.307356411419,
              36.9112224886418
            ],
            [
              -76.3074350750918,
              36.9112232708305
            ],
            [
              -76.3075171236166,
              36.9112254845179
            ],
            [
              -76.3075991433953,
              36.9112283934841
            ],
            [
              -76.3076777118467,
              36.9112326053796
            ],
            [
              -76.307759682218,
              36.9112375707329
            ],
            [
              -76.3078416148601,
              36.9112439058136
            ],
            [
              -76.3079200800053,
              36.9112515481325
            ],
            [
              -76.3080019335956,
              36.9112606305679
            ],
            [
              -76.3081587318335,
              36.9112807239707
            ],
            [
              -76.308237081096,
              36.9112924919867
            ],
            [
              -76.3083153926292,
              36.9113056297273
            ],
            [
              -76.3083868401353,
              36.9113193255556
            ],
            [
              -76.308420816216,
              36.911327510155
            ],
            [
              -76.3084921676024,
              36.911344640709
            ],
            [
              -76.3085261104454,
              36.9113541986227
            ],
            [
              -76.3085973800851,
              36.9113740772407
            ],
            [
              -76.3086651525834,
              36.9113966277869
            ],
            [
              -76.308699028951,
              36.9114082471047
            ],
            [
              -76.3087667277875,
              36.9114335536094
            ],
            [
              -76.308905261479,
              36.9114938293561
            ],
            [
              -76.3089693724442,
              36.9115245565442
            ],
            [
              -76.3090300123192,
              36.9115572826379
            ],
            [
              -76.3090906144648,
              36.9115913820305
            ],
            [
              -76.3091257403891,
              36.9116123645517
            ],
            [
              -76.3091511501352,
              36.9116275341933
            ],
            [
              -76.309208230885,
              36.9116650057811
            ],
            [
              -76.3092618279681,
              36.9117044683637
            ],
            [
              -76.3093154124748,
              36.9117446132715
            ],
            [
              -76.3093689314045,
              36.9117868188401
            ],
            [
              -76.3094189900237,
              36.9118303359239
            ],
            [
              -76.3094655946207,
              36.9118751645203
            ],
            [
              -76.3094888735629,
              36.9118982622301
            ],
            [
              -76.3095354197694,
              36.911945147155
            ],
            [
              -76.3095785065637,
              36.9119933443048
            ],
            [
              -76.3096181303525,
              36.9120428493676
            ],
            [
              -76.309657741565,
              36.9120930367406
            ],
            [
              -76.3096938852804,
              36.912144539923
            ],
            [
              -76.3097652249887,
              36.9122804831336
            ],
            [
              -76.309836564697,
              36.912416434721
            ],
            [
              -76.3098561120376,
              36.9124504561582
            ],
            [
              -76.3098624343806,
              36.9124684260961
            ],
            [
              -76.3098784603252,
              36.9125058196996
            ],
            [
              -76.3098944647103,
              36.9125438913136
            ],
            [
              -76.3099070563957,
              36.9125819011391
            ],
            [
              -76.3099162012453,
              36.9126205401327
            ],
            [
              -76.3099253496881,
              36.9126591704879
            ],
            [
              -76.3099344774697,
              36.9126984924975
            ],
            [
              -76.3099402087212,
              36.9127370610437
            ],
            [
              -76.309942476069,
              36.9127769410924
            ],
            [
              -76.3099447640781,
              36.9128161301654
            ],
            [
              -76.3099470565786,
              36.9128553235279
            ],
            [
              -76.3099450497423,
              36.9129246559677
            ],
            [
              -76.3099444370913,
              36.9129459369129
            ],
            [
              -76.3099472218687,
              36.9129679705749
            ],
            [
              -76.3099680807496,
              36.9130748212119
            ],
            [
              -76.3100098021046,
              36.9131703794528
            ],
            [
              -76.3100195012147,
              36.9131897900201
            ],
            [
              -76.3100326220078,
              36.9132092623515
            ],
            [
              -76.3100523301468,
              36.9132377924576
            ],
            [
              -76.3100654724994,
              36.9132565867542
            ],
            [
              -76.3100786507846,
              36.9132739984266
            ],
            [
              -76.3100952354814,
              36.9132921678423
            ],
            [
              -76.3101118570091,
              36.9133089589441
            ],
            [
              -76.3101752268642,
              36.9133657748682
            ],
            [
              -76.3102526248107,
              36.9134104840522
            ],
            [
              -76.3102795616929,
              36.913425412725
            ],
            [
              -76.3103065443891,
              36.9134389688337
            ],
            [
              -76.3103335441532,
              36.9134518325543
            ],
            [
              -76.3103639853633,
              36.9134640728386
            ],
            [
              -76.3103910264499,
              36.9134755675857
            ],
            [
              -76.3104214973044,
              36.913486433151
            ],
            [
              -76.3104485994765,
              36.9134958715682
            ],
            [
              -76.3104791116534,
              36.913505371753
            ],
            [
              -76.3105708673732,
              36.9135269922645
            ],
            [
              -76.3106696577999,
              36.9135418835659
            ],
            [
              -76.3107003801827,
              36.913544519512
            ],
            [
              -76.3107311124468,
              36.9135464602004
            ],
            [
              -76.3107652861569,
              36.9135477882287
            ],
            [
              -76.3107960875913,
              36.9135476769013
            ],
            [
              -76.3108268980089,
              36.9135468739074
            ],
            [
              -76.3108611552623,
              36.9135454546624
            ],
            [
              -76.3108920312569,
              36.913542591752
            ],
            [
              -76.3109400830398,
              36.9135373076496
            ],
            [
              -76.3109710219165,
              36.9135323920046
            ],
            [
              -76.3110019679797,
              36.9135267811015
            ],
            [
              -76.3110329481789,
              36.9135204914596
            ],
            [
              -76.3110639400562,
              36.9135135108686
            ],
            [
              -76.3110915560647,
              36.9135050988211
            ],
            [
              -76.3111364430828,
              36.9134908237641
            ],
            [
              -76.3111813714234,
              36.913475173989
            ],
            [
              -76.3112229274885,
              36.9134580977816
            ],
            [
              -76.3112645365541,
              36.9134389515959
            ],
            [
              -76.3113062049086,
              36.9134177454854
            ],
            [
              -76.3113305762022,
              36.9134030940528
            ],
            [
              -76.3113549888184,
              36.9133870599998
            ],
            [
              -76.3114107957571,
              36.9133503240208
            ],
            [
              -76.3114317085369,
              36.9133369754687
            ],
            [
              -76.3114735206218,
              36.9133109700263
            ],
            [
              -76.3115187265419,
              36.9132857122667
            ],
            [
              -76.3115638650882,
              36.9132625122681
            ],
            [
              -76.3116090009397,
              36.9132400024953
            ],
            [
              -76.3116575081684,
              36.9132189284865
            ],
            [
              -76.3117059785662,
              36.9131992241646
            ],
            [
              -76.3117544193196,
              36.9131802028884
            ],
            [
              -76.3117786172384,
              36.9131717247256
            ],
            [
              -76.3118269843299,
              36.9131554586308
            ],
            [
              -76.3118787353751,
              36.913140620404
            ],
            [
              -76.3119304495894,
              36.9131271604872
            ],
            [
              -76.3119821099048,
              36.9131150781628
            ],
            [
              -76.3120337459656,
              36.9131043526025
            ],
            [
              -76.3120853362124,
              36.9130950175642
            ],
            [
              -76.312140302328,
              36.9130871060879
            ],
            [
              -76.3121677656228,
              36.9130841849824
            ],
            [
              -76.3122192310038,
              36.9130789633356
            ],
            [
              -76.3122741027963,
              36.9130744901005
            ],
            [
              -76.3123254900238,
              36.913072011434
            ],
            [
              -76.3123802495269,
              36.9130716602118
            ],
            [
              -76.3124076292784,
              36.9130714777773
            ],
            [
              -76.3124623232045,
              36.9130731864843
            ],
            [
              -76.312516995571,
              36.9130755703423
            ],
            [
              -76.3125681887624,
              36.9130799645702
            ],
            [
              -76.312595468801,
              36.9130832167871
            ],
            [
              -76.3126500180983,
              36.91308972553
            ],
            [
              -76.3127011115767,
              36.9130975457889
            ],
            [
              -76.3127283547843,
              36.9131021763184
            ],
            [
              -76.312779369211,
              36.9131127402738
            ],
            [
              -76.3128337819644,
              36.9131240526395
            ],
            [
              -76.3128847182376,
              36.9131373681896
            ],
            [
              -76.3129356167816,
              36.9131520491213
            ],
            [
              -76.3129830568118,
              36.9131680415655
            ],
            [
              -76.3131048863306,
              36.9132142649249
            ],
            [
              -76.3131488301177,
              36.9132329392805
            ],
            [
              -76.3131724522164,
              36.9132443715752
            ],
            [
              -76.3132197062953,
              36.9132665380261
            ],
            [
              -76.3133542056529,
              36.9133356725753
            ],
            [
              -76.3141333621095,
              36.9137361661947
            ],
            [
              -76.3142243641427,
              36.9137838709372
            ],
            [
              -76.3152592988085,
              36.9143196129918
            ],
            [
              -76.3163144267036,
              36.9148673995752
            ],
            [
              -76.3166480448304,
              36.9150446216493
            ],
            [
              -76.316746065401,
              36.9150862730755
            ],
            [
              -76.3168143014299,
              36.915093030154
            ],
            [
              -76.3170059560975,
              36.9150911017149
            ]
          ]
        ]
      },
      "properties": {
        "OBJECTID": 66529,
        "LINKID": "654615",
        "DATA_DATE": 1641013200000,
        "ROUTE_COMMON_NAME": "N Shore RD (PR - City of Norfolk)",
        "ROUTE_NAME": "S-VA122PR N SHORE RD",
        "HTRIS_ID": "11118",
        "ROUTE_ALIAS": "          ",
        "START_LABEL": "Diven St",
        "END_LABEL": "Hampton Blvd",
        "ADT": 640,
        "ADT_QUALITY": "G",
        "PERCENT_4_TIRE": 95.08254,
        "PERCENT_BUS": 1.29961,
        "PERCENT_TRUCK_2_AXLE": 1.51036,
        "PERCENT_TRUCK_3_AXLE": 1.3698599999999999,
        "PERCENT_TRUCK_1_TRAIL": 0.73761,
        "PERCENT_TRUCK_2_TRAIL": 0,
        "CLASS_QUALITY_CODE": "F",
        "K_FACTOR": 0.1087,
        "K_FACTOR_QUALITY_CODE": "F",
        "DIRECTION_FACTOR": 0.7160000000000001,
        "AAWDT": 690,
        "AAWDT_QUALITY_CODE": "G",
        "LOC_COMP_DIRECTIONALITY_NAME": "Bidirectional",
        "ROUTE_FROM_MEASURE": 2.16,
        "FROM_JURISDICTION": "City of Norfolk",
        "ROUTE_TO_MEASURE": 2.93,
        "TO_JURISDICTION": "City of Norfolk",
        "PEAK_SINGLE_UNIT_TRUCK": 0.1337,
        "PEAK_COMBINATION_TRUCK": 0.1337,
        "EVENT_SOURCE_ID": 654615,
        "EVENT_LOCATION_ID": 1,
        "EVENT_COMPONENT_ID": 1,
        "MAXIMUMSCALEDENOMINATOR": 24000,
        "ROUTE_COMMON_NAME_ADT": "N Shore RD (PR - City of Norfolk) - ADT 640",
        "FROM_DISTRICT": "Hampton Roads",
        "TO_DISTRICT": "Hampton Roads",
        "RTE_TYPE_CD": "ST",
        "RTE_ID": 9135769,
        "DATA_CUSTODIAN_EMAIL": null,
        "METADATA_URL": null,
        "Shape__Length": 1553.6509637152194
      }
    },
    {
      "type": "Feature",
      "id": 62899,
      "geometry": {
        "type": "LineString",
        "coordinates": [
          [
            -76.3027276676444,
            36.8877272252393
          ],
          [
            -76.3027940423641,
            36.8880334182767
          ],
          [
            -76.302838341884,
            36.8882753306433
          ],
          [
            -76.3028798108125,
            36.8884965788411
          ],
          [
            -76.3029098387975,
            36.8886406901487
          ],
          [
            -76.3029710410178,
            36.8888396732187
          ],
          [
            -76.3031255171107,
            36.8893418619002
          ],
          [
            -76.3031791141938,
            36.8894987797387
          ],
          [
            -76.3032076276192,
            36.8895769260038
          ],
          [
            -76.3032361581126,
            36.8896550721889
          ],
          [
            -76.303268110289,
            36.889732590355
          ],
          [
            -76.3033035093011,
            36.889809495592
          ],
          [
            -76.3033389038216,
            36.8898863964407
          ],
          [
            -76.3033777577543,
            36.8899619860161
          ],
          [
            -76.3034166116869,
            36.8900375834198
          ],
          [
            -76.3040573880639,
            36.8911780317347
          ],
          [
            -76.304080162153,
            36.8912182930552
          ],
          [
            -76.3041122050592,
            36.8912930752098
          ],
          [
            -76.3041185399786,
            36.8913103589814
          ],
          [
            -76.3041248623215,
            36.8913283374907
          ],
          [
            -76.3041375240755,
            36.8913635997553
          ],
          [
            -76.3041467434852,
            36.891399487055
          ],
          [
            -76.3041530703198,
            36.8914174655432
          ],
          [
            -76.3041588509786,
            36.8914539735579
          ],
          [
            -76.3041646307392,
            36.8914904858658
          ],
          [
            -76.304170411398,
            36.8915269931271
          ],
          [
            -76.3041732913968,
            36.8915455930434
          ],
          [
            -76.3041756629492,
            36.8915820428024
          ],
          [
            -76.3041751203668,
            36.8916005758896
          ],
          [
            -76.3041740486766,
            36.8916376463612
          ],
          [
            -76.3041729940545,
            36.8916740263869
          ],
          [
            -76.3041685042747,
            36.8917110343179
          ],
          [
            -76.3041679868451,
            36.8917288812571
          ],
          [
            -76.3041600708908,
            36.8917658230645
          ],
          [
            -76.3041521845809,
            36.8918020787379
          ],
          [
            -76.3041443189323,
            36.89183764756
          ],
          [
            -76.3041026137469,
            36.8919783528814
          ],
          [
            -76.3040681912035,
            36.8921040927715
          ],
          [
            -76.3038634408958,
            36.892796032411
          ],
          [
            -76.3038219387297,
            36.8929298777808
          ],
          [
            -76.3036207457504,
            36.8936170718952
          ],
          [
            -76.3035792022618,
            36.8937522952066
          ],
          [
            -76.3033740629835,
            36.8944572728996
          ],
          [
            -76.303161768624,
            36.8951731172838
          ],
          [
            -76.3030554646882,
            36.8955365234629
          ],
          [
            -76.3030329547038,
            36.8956047889977
          ],
          [
            -76.3030216503043,
            36.8956409781908
          ],
          [
            -76.3030103171587,
            36.8956778584768
          ],
          [
            -76.3030024263572,
            36.8957141101369
          ],
          [
            -76.3029945148945,
            36.8957510521707
          ],
          [
            -76.3029865989402,
            36.8957879941867
          ],
          [
            -76.3029786919691,
            36.8958249325927
          ],
          [
            -76.3029697088162,
            36.8958989458486
          ],
          [
            -76.3029607166802,
            36.8959729583143
          ],
          [
            -76.3029596243289,
            36.8960107156143
          ],
          [
            -76.3029585445539,
            36.8960477825072
          ],
          [
            -76.3029574728637,
            36.8960848529742
          ],
          [
            -76.3029563805123,
            36.8961226102188
          ],
          [
            -76.3029553088222,
            36.896159676339
          ],
          [
            -76.30295741088,
            36.8962050436077
          ],
          [
            -76.3029798831351,
            36.8966100144322
          ],
          [
            -76.3030463737375,
            36.8982109051121
          ],
          [
            -76.3030502014589,
            36.8983146895186
          ],
          [
            -76.3030542977766,
            36.8984095485827
          ],
          [
            -76.3030583896028,
            36.8985044118391
          ],
          [
            -76.3030693176082,
            36.8985993992578
          ],
          [
            -76.303076827524,
            36.8986943204671
          ],
          [
            -76.3030911987719,
            36.8987886869688
          ],
          [
            -76.303117138524,
            36.8989560694077
          ],
          [
            -76.3031349269633,
            36.8990505023948
          ],
          [
            -76.3031561496619,
            36.8991443102771
          ],
          [
            -76.3031773930217,
            36.8992374355867
          ],
          [
            -76.3032020670476,
            36.8993306153792
          ],
          [
            -76.3032301708413,
            36.8994231779744
          ],
          [
            -76.3032645098413,
            36.8995364583465
          ],
          [
            -76.3033241777391,
            36.899720271897
          ],
          [
            -76.3035597717022,
            36.9004437958044
          ],
          [
            -76.3037372913787,
            36.9010467227237
          ],
          [
            -76.304021020668,
            36.9019984915888
          ],
          [
            -76.3041950270334,
            36.9027229219947
          ],
          [
            -76.3042924888519,
            36.9031375292359
          ],
          [
            -76.3044784005898,
            36.9038051804184
          ],
          [
            -76.3055275241455,
            36.9078613187564
          ],
          [
            -76.3055989177527,
            36.9081133443309
          ],
          [
            -76.305614666118,
            36.9081603450722
          ],
          [
            -76.3056269838171,
            36.9082072847298
          ],
          [
            -76.3056358933081,
            36.9082541532477
          ],
          [
            -76.3056482190921,
            36.9083010928477
          ],
          [
            -76.3056571070236,
            36.9083486487118
          ],
          [
            -76.3056625777637,
            36.9083961377453
          ],
          [
            -76.3056714656951,
            36.9084436978599
          ],
          [
            -76.3056766911951,
            36.9084994256088
          ],
          [
            -76.3057249424039,
            36.9089989120409
          ],
          [
            -76.3057792509528,
            36.9095609874914
          ],
          [
            -76.3058399034041,
            36.9101886587041
          ],
          [
            -76.3059292219945,
            36.9111216796039
          ],
          [
            -76.3059452847701,
            36.9112758333196
          ],
          [
            -76.3059501751985,
            36.9113432336335
          ],
          [
            -76.305967471361,
            36.9114548263515
          ],
          [
            -76.3059813539254,
            36.9115663521082
          ],
          [
            -76.3060018364122,
            36.9116862454187
          ],
          [
            -76.3060257235139,
            36.9118062039023
          ],
          [
            -76.3060529128226,
            36.9119310247946
          ],
          [
            -76.3060863094899,
            36.9120772552381
          ],
          [
            -76.3061302317174,
            36.9122147622074
          ],
          [
            -76.3062709132808,
            36.9126734421093
          ],
          [
            -76.3063531809945,
            36.9129043848725
          ],
          [
            -76.3064073862371,
            36.9130413875785
          ],
          [
            -76.3064650419086,
            36.9131770871421
          ],
          [
            -76.306526124653,
            36.9133128439238
          ],
          [
            -76.3065872271603,
            36.913447231494
          ],
          [
            -76.3066552359155,
            36.9135803733974
          ],
          [
            -76.3067232536539,
            36.9137128291493
          ],
          [
            -76.3067947047533,
            36.9138446633948
          ],
          [
            -76.3068696161631,
            36.9139751902205
          ],
          [
            -76.306918599499,
            36.914056456581
          ],
          [
            -76.3070525769354,
            36.9142739354423
          ],
          [
            -76.3070544014137,
            36.9142769024692
          ],
          [
            -76.3071179293723,
            36.9143802441381
          ],
          [
            -76.3071901629043,
            36.914485302961
          ],
          [
            -76.307262429674,
            36.9145889919716
          ],
          [
            -76.3073381477709,
            36.9146920559807
          ],
          [
            -76.3074139026988,
            36.9147937465953
          ],
          [
            -76.3074931080558,
            36.9148941255887
          ],
          [
            -76.3075757234175,
            36.9149952621803
          ],
          [
            -76.3076584133394,
            36.9150936463926
          ],
          [
            -76.3077445626735,
            36.9151907233068
          ],
          [
            -76.3078341498601,
            36.9152871795511
          ],
          [
            -76.3079238035221,
            36.9153815758065
          ],
          [
            -76.308016895935,
            36.9154753420634
          ],
          [
            -76.3081100251788,
            36.9155677435825
          ],
          [
            -76.3082066264112,
            36.9156581504885
          ]
        ]
      },
      "properties": {
        "OBJECTID": 62899,
        "LINKID": "150119",
        "DATA_DATE": 1641013200000,
        "ROUTE_COMMON_NAME": "VA-337W",
        "ROUTE_NAME": "R-VA   SR00337WB",
        "HTRIS_ID": "  SR00337W    ",
        "ROUTE_ALIAS": "          ",
        "START_LABEL": "49th St, Old Dominion University",
        "END_LABEL": "SR 165 Little Creek Rd",
        "ADT": 29000,
        "ADT_QUALITY": "A",
        "PERCENT_4_TIRE": 94.07758,
        "PERCENT_BUS": 0.37485999999999997,
        "PERCENT_TRUCK_2_AXLE": 0.42493,
        "PERCENT_TRUCK_3_AXLE": 0.49068,
        "PERCENT_TRUCK_1_TRAIL": 4.6347499999999995,
        "PERCENT_TRUCK_2_TRAIL": 3.9999999999999996e-05,
        "CLASS_QUALITY_CODE": "C",
        "K_FACTOR": 0.1003,
        "K_FACTOR_QUALITY_CODE": "A",
        "DIRECTION_FACTOR": 0.5826,
        "AAWDT": 34000,
        "AAWDT_QUALITY_CODE": "A",
        "LOC_COMP_DIRECTIONALITY_NAME": "Master Non-Prime",
        "ROUTE_FROM_MEASURE": 30.75,
        "FROM_JURISDICTION": "City of Norfolk",
        "ROUTE_TO_MEASURE": 32.82,
        "TO_JURISDICTION": "City of Norfolk",
        "PEAK_SINGLE_UNIT_TRUCK": 0.11234,
        "PEAK_COMBINATION_TRUCK": 0.2006,
        "EVENT_SOURCE_ID": 150119,
        "EVENT_LOCATION_ID": 1,
        "EVENT_COMPONENT_ID": 2,
        "MAXIMUMSCALEDENOMINATOR": 1600000,
        "ROUTE_COMMON_NAME_ADT": "VA-337W - ADT 29000",
        "FROM_DISTRICT": "Hampton Roads",
        "TO_DISTRICT": "Hampton Roads",
        "RTE_TYPE_CD": "SR",
        "RTE_ID": 2402080,
        "DATA_CUSTODIAN_EMAIL": null,
        "METADATA_URL": null,
        "Shape__Length": 4023.051731578276
      }
    },
    {
      "type": "Feature",
      "id": 67190,
      "geometry": {
        "type": "LineString",
        "coordinates": [
          [
            -76.2948772265961,
            36.8836445673537
          ],
          [
            -76.2956613112104,
            36.8836139518059
          ],
          [
            -76.2975921707433,
            36.8835471305583
          ],
          [
            -76.2983965312318,
            36.8835251135488
          ],
          [
            -76.300122110451,
            36.8834605922208
          ],
          [
            -76.3004336659545,
            36.88344925462
          ],
          [
            -76.3007015723183,
            36.8834391507246
          ],
          [
            -76.3010910387063,
            36.8834244734167
          ],
          [
            -76.3022585943525,
            36.8833790072994
          ]
        ]
      },
      "properties": {
        "OBJECTID": 67190,
        "LINKID": "654607",
        "DATA_DATE": 1641013200000,
        "ROUTE_COMMON_NAME": "43Rd ST (PR - City of Norfolk)",
        "ROUTE_NAME": "S-VA122PR 43RD ST",
        "HTRIS_ID": null,
        "ROUTE_ALIAS": "          ",
        "START_LABEL": "Powhatan Ave",
        "END_LABEL": "Colley Ave",
        "ADT": 9400,
        "ADT_QUALITY": "G",
        "PERCENT_4_TIRE": 97.5471,
        "PERCENT_BUS": 0.52139,
        "PERCENT_TRUCK_2_AXLE": 1.5641699999999998,
        "PERCENT_TRUCK_3_AXLE": 0.17775,
        "PERCENT_TRUCK_1_TRAIL": 0.17775,
        "PERCENT_TRUCK_2_TRAIL": 0.01185,
        "CLASS_QUALITY_CODE": "F",
        "K_FACTOR": 0.0829,
        "K_FACTOR_QUALITY_CODE": "F",
        "DIRECTION_FACTOR": 0.5819,
        "AAWDT": 18000,
        "AAWDT_QUALITY_CODE": "G",
        "LOC_COMP_DIRECTIONALITY_NAME": "Bidirectional",
        "ROUTE_FROM_MEASURE": 0,
        "FROM_JURISDICTION": "City of Norfolk",
        "ROUTE_TO_MEASURE": 0.4,
        "TO_JURISDICTION": "City of Norfolk",
        "PEAK_SINGLE_UNIT_TRUCK": 0.07626999999999999,
        "PEAK_COMBINATION_TRUCK": 0,
        "EVENT_SOURCE_ID": 654607,
        "EVENT_LOCATION_ID": 1,
        "EVENT_COMPONENT_ID": 1,
        "MAXIMUMSCALEDENOMINATOR": 200000,
        "ROUTE_COMMON_NAME_ADT": "43Rd ST (PR - City of Norfolk) - ADT 9400",
        "FROM_DISTRICT": "Hampton Roads",
        "TO_DISTRICT": "Hampton Roads",
        "RTE_TYPE_CD": "ST",
        "RTE_ID": 9139389,
        "DATA_CUSTODIAN_EMAIL": null,
        "METADATA_URL": null,
        "Shape__Length": 822.5283638865102
      }
    },
    {
      "type": "Feature",
      "id": 75056,
      "geometry": {
        "type": "LineString",
        "coordinates": [
          [
            -76.2838358411995,
            36.8833406703678
          ],
          [
            -76.2825884926983,
            36.8831900751265
          ],
          [
            -76.2817345955117,
            36.8830872552571
          ],
          [
            -76.2817305566862,
            36.8830867709691
          ],
          [
            -76.2816360197823,
            36.8830712874048
          ]
        ]
      },
      "properties": {
        "OBJECTID": 75056,
        "LINKID": "654145",
        "DATA_DATE": 1641013200000,
        "ROUTE_COMMON_NAME": "Delaware AVE (PR - City of Norfolk)",
        "ROUTE_NAME": "S-VA122PR DELAWARE AVE",
        "HTRIS_ID": "7869",
        "ROUTE_ALIAS": "          ",
        "START_LABEL": "Llewellyn Ave",
        "END_LABEL": "US 460 Granby St",
        "ADT": 6900,
        "ADT_QUALITY": "G",
        "PERCENT_4_TIRE": 98.80350999999999,
        "PERCENT_BUS": 0.37889,
        "PERCENT_TRUCK_2_AXLE": 0.49189,
        "PERCENT_TRUCK_3_AXLE": 0.13294,
        "PERCENT_TRUCK_1_TRAIL": 0.19277,
        "PERCENT_TRUCK_2_TRAIL": 0,
        "CLASS_QUALITY_CODE": "C",
        "K_FACTOR": 0.0998,
        "K_FACTOR_QUALITY_CODE": "F",
        "DIRECTION_FACTOR": 0.8287,
        "AAWDT": 13000,
        "AAWDT_QUALITY_CODE": "G",
        "LOC_COMP_DIRECTIONALITY_NAME": "Bidirectional",
        "ROUTE_FROM_MEASURE": 0.46,
        "FROM_JURISDICTION": "City of Norfolk",
        "ROUTE_TO_MEASURE": 0.58,
        "TO_JURISDICTION": "City of Norfolk",
        "PEAK_SINGLE_UNIT_TRUCK": 0.03992,
        "PEAK_COMBINATION_TRUCK": 0.025949999999999997,
        "EVENT_SOURCE_ID": 654145,
        "EVENT_LOCATION_ID": 1,
        "EVENT_COMPONENT_ID": 1,
        "MAXIMUMSCALEDENOMINATOR": 200000,
        "ROUTE_COMMON_NAME_ADT": "Delaware AVE (PR - City of Norfolk) - ADT 6900",
        "FROM_DISTRICT": "Hampton Roads",
        "TO_DISTRICT": "Hampton Roads",
        "RTE_TYPE_CD": "ST",
        "RTE_ID": 9137109,
        "DATA_CUSTODIAN_EMAIL": null,
        "METADATA_URL": null,
        "Shape__Length": 247.75033671681493
      }
    },
    {
      "type": "Feature",
      "id": 80907,
      "geometry": {
        "type": "LineString",
        "coordinates": [
          [
            -76.2901419713749,
            36.8729129995137
          ],
          [
            -76.2896028366773,
            36.8727558751195
          ],
          [
            -76.2883447586983,
            36.8723928987544
          ],
          [
            -76.2876631511967,
            36.8721966797957
          ],
          [
            -76.287015477555,
            36.8720093368806
          ]
        ]
      },
      "properties": {
        "OBJECTID": 80907,
        "LINKID": "654595",
        "DATA_DATE": 1641013200000,
        "ROUTE_COMMON_NAME": "VA-247E",
        "ROUTE_NAME": "R-VA   SR00247EB",
        "HTRIS_ID": "  SR00247     ",
        "ROUTE_ALIAS": "          ",
        "START_LABEL": "Colonial Ave",
        "END_LABEL": "Llewellyn Ave",
        "ADT": 11000,
        "ADT_QUALITY": "G",
        "PERCENT_4_TIRE": 97.56414,
        "PERCENT_BUS": 0.6844899999999999,
        "PERCENT_TRUCK_2_AXLE": 1.02864,
        "PERCENT_TRUCK_3_AXLE": 0.28679,
        "PERCENT_TRUCK_1_TRAIL": 0.42827,
        "PERCENT_TRUCK_2_TRAIL": 0.00765,
        "CLASS_QUALITY_CODE": "F",
        "K_FACTOR": 0.1023,
        "K_FACTOR_QUALITY_CODE": "F",
        "DIRECTION_FACTOR": 1,
        "AAWDT": 21000,
        "AAWDT_QUALITY_CODE": "G",
        "LOC_COMP_DIRECTIONALITY_NAME": "Master Prime",
        "ROUTE_FROM_MEASURE": 0.63,
        "FROM_JURISDICTION": "City of Norfolk",
        "ROUTE_TO_MEASURE": 0.73,
        "TO_JURISDICTION": "City of Norfolk",
        "PEAK_SINGLE_UNIT_TRUCK": 0.11867,
        "PEAK_COMBINATION_TRUCK": 0.00818,
        "EVENT_SOURCE_ID": 654595,
        "EVENT_LOCATION_ID": 1,
        "EVENT_COMPONENT_ID": 1,
        "MAXIMUMSCALEDENOMINATOR": 400000,
        "ROUTE_COMMON_NAME_ADT": "VA-247E - ADT 11000",
        "FROM_DISTRICT": "Hampton Roads",
        "TO_DISTRICT": "Hampton Roads",
        "RTE_TYPE_CD": "SR",
        "RTE_ID": 1928378,
        "DATA_CUSTODIAN_EMAIL": null,
        "METADATA_URL": null,
        "Shape__Length": 370.06013467244503
      }
    },
    {
      "type": "Feature",
      "id": 76922,
      "geometry": {
        "type": "LineString",
        "coordinates": [
          [
            -76.2866975862338,
            36.8727080462765
          ],
          [
            -76.2845070381253,
            36.8720746979032
          ],
          [
            -76.2833236020616,
            36.8717329934923
          ],
          [
            -76.2821571639196,
            36.8713950309391
          ],
          [
            -76.2810008596724,
            36.8710613665215
          ],
          [
            -76.2804888603847,
            36.8709129561734
          ],
          [
            -76.2804413583708,
            36.870900377051
          ],
          [
            -76.2803903511306,
            36.870890483495
          ],
          [
            -76.280342704488,
            36.8708827171209
          ],
          [
            -76.2802915822634,
            36.8708769449805
          ],
          [
            -76.280257461554,
            36.870874234259
          ],
          [
            -76.2802233291665,
            36.8708722191838
          ],
          [
            -76.2801891545581,
            36.8708715738424
          ],
          [
            -76.2801549556953,
            36.8708716155237
          ],
          [
            -76.2801241335995,
            36.8708730923352
          ],
          [
            -76.2800898808378,
            36.8708751900542
          ],
          [
            -76.2800556074147,
            36.8708779834196
          ],
          [
            -76.2800281692727,
            36.8708808960797
          ],
          [
            -76.2793924459192,
            36.8709870144212
          ],
          [
            -76.2790865875312,
            36.8710389312561
          ],
          [
            -76.2789113477789,
            36.8710679004077
          ],
          [
            -76.2778804312773,
            36.8712407233643
          ],
          [
            -76.2774302836918,
            36.871315307338
          ],
          [
            -76.2768569411483,
            36.8713930654637
          ],
          [
            -76.2767950984292,
            36.8714028842163
          ],
          [
            -76.276764200875,
            36.8714071090893
          ],
          [
            -76.2766647492882,
            36.8714169026877
          ],
          [
            -76.2765722695263,
            36.8714220215456
          ],
          [
            -76.2765414510238,
            36.8714234983464
          ],
          [
            -76.276483310262,
            36.8714237757406
          ],
          [
            -76.2762983965524,
            36.8714326351078
          ],
          [
            -76.276264139299,
            36.8714347328115
          ],
          [
            -76.2762264477863,
            36.8714374557299
          ],
          [
            -76.2761544334433,
            36.8714443323742
          ],
          [
            -76.2760857796977,
            36.8714533361851
          ],
          [
            -76.2760480217096,
            36.8714581194368
          ],
          [
            -76.2759792637595,
            36.8714705540212
          ],
          [
            -76.2759070553803,
            36.8714842950863
          ],
          [
            -76.2758726292437,
            36.8714918838958
          ],
          [
            -76.2758381941239,
            36.8715001683453
          ],
          [
            -76.2757229276965,
            36.8715258265619
          ]
        ]
      },
      "properties": {
        "OBJECTID": 76922,
        "LINKID": "654273",
        "DATA_DATE": 1641013200000,
        "ROUTE_COMMON_NAME": "VA-247P",
        "ROUTE_NAME": "R-VA   SR00247PA001",
        "HTRIS_ID": " 1SR00247P    ",
        "ROUTE_ALIAS": "          ",
        "START_LABEL": "Llewellyn Ave",
        "END_LABEL": "SR 247 26Th St",
        "ADT": 9400,
        "ADT_QUALITY": "G",
        "PERCENT_4_TIRE": 98.13982,
        "PERCENT_BUS": 0.39970999999999995,
        "PERCENT_TRUCK_2_AXLE": 0.7917299999999999,
        "PERCENT_TRUCK_3_AXLE": 0.30362,
        "PERCENT_TRUCK_1_TRAIL": 0.36511,
        "PERCENT_TRUCK_2_TRAIL": 0,
        "CLASS_QUALITY_CODE": "F",
        "K_FACTOR": 0.08420000000000001,
        "K_FACTOR_QUALITY_CODE": "F",
        "DIRECTION_FACTOR": 1,
        "AAWDT": 10000,
        "AAWDT_QUALITY_CODE": "G",
        "LOC_COMP_DIRECTIONALITY_NAME": "Master Non-Prime",
        "ROUTE_FROM_MEASURE": 0.79,
        "FROM_JURISDICTION": "City of Norfolk",
        "ROUTE_TO_MEASURE": 1.56,
        "TO_JURISDICTION": "City of Norfolk",
        "PEAK_SINGLE_UNIT_TRUCK": 0.12797999999999998,
        "PEAK_COMBINATION_TRUCK": 0.02273,
        "EVENT_SOURCE_ID": 654273,
        "EVENT_LOCATION_ID": 1,
        "EVENT_COMPONENT_ID": 1,
        "MAXIMUMSCALEDENOMINATOR": 400000,
        "ROUTE_COMMON_NAME_ADT": "VA-247P - ADT 9400",
        "FROM_DISTRICT": "Hampton Roads",
        "TO_DISTRICT": "Hampton Roads",
        "RTE_TYPE_CD": "SR",
        "RTE_ID": 2120996,
        "DATA_CUSTODIAN_EMAIL": null,
        "METADATA_URL": null,
        "Shape__Length": 1275.1071040282645
      }
    },
    {
      "type": "Feature",
      "id": 77020,
      "geometry": {
        "type": "MultiLineString",
        "coordinates": [
          [
            [
              -76.2948026466646,
              36.8822104174099
            ],
            [
              -76.2939090430441,
              36.8822444717157
            ]
          ],
          [
            [
              -76.2824560495843,
              36.8839767541325
            ],
            [
              -76.2816005381252,
              36.8839008051188
            ],
            [
              -76.2814989763958,
              36.8838841210716
            ]
          ],
          [
            [
              -76.2814819820673,
              36.8840201972619
            ],
            [
              -76.2800825649581,
              36.8839745202545
            ],
            [
              -76.2800014479863,
              36.8839513522991
            ],
            [
              -76.2777476486002,
              36.8849901850416
            ]
          ]
        ]
      },
      "properties": {
        "OBJECTID": 77020,
        "LINKID": "654508",
        "DATA_DATE": 1641013200000,
        "ROUTE_COMMON_NAME": "41St ST (PR - City of Norfolk)",
        "ROUTE_NAME": "S-VA122PR 41ST ST",
        "HTRIS_ID": "15340",
        "ROUTE_ALIAS": "          ",
        "START_LABEL": "Colley Ave",
        "END_LABEL": "Mayflower Rd",
        "ADT": 460,
        "ADT_QUALITY": "G",
        "PERCENT_4_TIRE": 99.55605,
        "PERCENT_BUS": 0,
        "PERCENT_TRUCK_2_AXLE": 0.33296,
        "PERCENT_TRUCK_3_AXLE": 0.11098999999999999,
        "PERCENT_TRUCK_1_TRAIL": 0,
        "PERCENT_TRUCK_2_TRAIL": 0,
        "CLASS_QUALITY_CODE": "C",
        "K_FACTOR": 0.1073,
        "K_FACTOR_QUALITY_CODE": "F",
        "DIRECTION_FACTOR": 0.619,
        "AAWDT": 490,
        "AAWDT_QUALITY_CODE": "G",
        "LOC_COMP_DIRECTIONALITY_NAME": "Bidirectional",
        "ROUTE_FROM_MEASURE": 0.9,
        "FROM_JURISDICTION": "City of Norfolk",
        "ROUTE_TO_MEASURE": 1.213,
        "TO_JURISDICTION": "City of Norfolk",
        "PEAK_SINGLE_UNIT_TRUCK": 0.29186,
        "PEAK_COMBINATION_TRUCK": 0.07296,
        "EVENT_SOURCE_ID": 654508,
        "EVENT_LOCATION_ID": 1,
        "EVENT_COMPONENT_ID": 1,
        "MAXIMUMSCALEDENOMINATOR": 200000,
        "ROUTE_COMMON_NAME_ADT": "41St ST (PR - City of Norfolk) - ADT 460",
        "FROM_DISTRICT": "Hampton Roads",
        "TO_DISTRICT": "Hampton Roads",
        "RTE_TYPE_CD": "ST",
        "RTE_ID": 9134659,
        "DATA_CUSTODIAN_EMAIL": null,
        "METADATA_URL": null,
        "Shape__Length": 662.0194149233441
      }
    },
    {
      "type": "Feature",
      "id": 75840,
      "geometry": {
        "type": "LineString",
        "coordinates": [
          [
            -76.2991088620145,
            36.8658186884385
          ],
          [
            -76.2988604697536,
            36.8662481177997
          ],
          [
            -76.2986876249098,
            36.8665484599152
          ],
          [
            -76.2986624091998,
            36.8665926273299
          ],
          [
            -76.2983056648442,
            36.8672205879524
          ],
          [
            -76.298265945834,
            36.8672933353199
          ],
          [
            -76.2980533873697,
            36.8676657368806
          ],
          [
            -76.2979488998275,
            36.8678492239954
          ],
          [
            -76.2978695318755,
            36.8679919735815
          ],
          [
            -76.297613439256,
            36.8684501028708
          ],
          [
            -76.2974475761185,
            36.868745770051
          ],
          [
            -76.2972530621134,
            36.8690855452863
          ],
          [
            -76.2970621889802,
            36.8694171406972
          ],
          [
            -76.2969721715005,
            36.8695734296948
          ],
          [
            -76.2968892498133,
            36.8697202263926
          ],
          [
            -76.296593955613,
            36.870233260188
          ],
          [
            -76.2965362954499,
            36.8703345120257
          ],
          [
            -76.2963346479232,
            36.8706844540505
          ],
          [
            -76.2961898826185,
            36.8709592245308
          ]
        ]
      },
      "properties": {
        "OBJECTID": 75840,
        "LINKID": "654527",
        "DATA_DATE": 1641013200000,
        "ROUTE_COMMON_NAME": "Colley AVE (PR - City of Norfolk)",
        "ROUTE_NAME": "S-VA122PR COLLEY AVE",
        "HTRIS_ID": "32255",
        "ROUTE_ALIAS": "          ",
        "START_LABEL": "Princess Anne Rd",
        "END_LABEL": "21st Street",
        "ADT": 11000,
        "ADT_QUALITY": "G",
        "PERCENT_4_TIRE": 99.08147,
        "PERCENT_BUS": 0.13180999999999998,
        "PERCENT_TRUCK_2_AXLE": 0.46956,
        "PERCENT_TRUCK_3_AXLE": 0.19771,
        "PERCENT_TRUCK_1_TRAIL": 0.11943999999999999,
        "PERCENT_TRUCK_2_TRAIL": 0,
        "CLASS_QUALITY_CODE": "F",
        "K_FACTOR": 0.084,
        "K_FACTOR_QUALITY_CODE": "F",
        "DIRECTION_FACTOR": 0.5043,
        "AAWDT": 12000,
        "AAWDT_QUALITY_CODE": "G",
        "LOC_COMP_DIRECTIONALITY_NAME": "Bidirectional",
        "ROUTE_FROM_MEASURE": 0.79,
        "FROM_JURISDICTION": "City of Norfolk",
        "ROUTE_TO_MEASURE": 1.19,
        "TO_JURISDICTION": "City of Norfolk",
        "PEAK_SINGLE_UNIT_TRUCK": 0.05796,
        "PEAK_COMBINATION_TRUCK": 0.01932,
        "EVENT_SOURCE_ID": 654527,
        "EVENT_LOCATION_ID": 1,
        "EVENT_COMPONENT_ID": 1,
        "MAXIMUMSCALEDENOMINATOR": 400000,
        "ROUTE_COMMON_NAME_ADT": "Colley AVE (PR - City of Norfolk) - ADT 11000",
        "FROM_DISTRICT": "Hampton Roads",
        "TO_DISTRICT": "Hampton Roads",
        "RTE_TYPE_CD": "ST",
        "RTE_ID": 9129415,
        "DATA_CUSTODIAN_EMAIL": null,
        "METADATA_URL": null,
        "Shape__Length": 785.6600105019965
      }
    },
    {
      "type": "Feature",
      "id": 82332,
      "geometry": {
        "type": "LineString",
        "coordinates": [
          [
            -76.2836416209435,
            36.8710308544439
          ],
          [
            -76.2824717898647,
            36.8706921464243
          ]
        ]
      },
      "properties": {
        "OBJECTID": 82332,
        "LINKID": "654271",
        "DATA_DATE": 1641013200000,
        "ROUTE_COMMON_NAME": "VA-247E",
        "ROUTE_NAME": "R-VA   SR00247EB",
        "HTRIS_ID": "  SR00247     ",
        "ROUTE_ALIAS": "          ",
        "START_LABEL": "Monticello Ave",
        "END_LABEL": "Church St",
        "ADT": 12000,
        "ADT_QUALITY": "G",
        "PERCENT_4_TIRE": 97.56414,
        "PERCENT_BUS": 0.6844899999999999,
        "PERCENT_TRUCK_2_AXLE": 1.02864,
        "PERCENT_TRUCK_3_AXLE": 0.28679,
        "PERCENT_TRUCK_1_TRAIL": 0.42827,
        "PERCENT_TRUCK_2_TRAIL": 0.00765,
        "CLASS_QUALITY_CODE": "C",
        "K_FACTOR": 0.0956,
        "K_FACTOR_QUALITY_CODE": "F",
        "DIRECTION_FACTOR": 1,
        "AAWDT": 23000,
        "AAWDT_QUALITY_CODE": "G",
        "LOC_COMP_DIRECTIONALITY_NAME": "Master Prime",
        "ROUTE_FROM_MEASURE": 0.9,
        "FROM_JURISDICTION": "City of Norfolk",
        "ROUTE_TO_MEASURE": 1.1300000000000001,
        "TO_JURISDICTION": "City of Norfolk",
        "PEAK_SINGLE_UNIT_TRUCK": 0.1109,
        "PEAK_COMBINATION_TRUCK": 0.00765,
        "EVENT_SOURCE_ID": 654271,
        "EVENT_LOCATION_ID": 1,
        "EVENT_COMPONENT_ID": 1,
        "MAXIMUMSCALEDENOMINATOR": 400000,
        "ROUTE_COMMON_NAME_ADT": "VA-247E - ADT 12000",
        "FROM_DISTRICT": "Hampton Roads",
        "TO_DISTRICT": "Hampton Roads",
        "RTE_TYPE_CD": "SR",
        "RTE_ID": 1928378,
        "DATA_CUSTODIAN_EMAIL": null,
        "METADATA_URL": null,
        "Shape__Length": 138.4916544198412
      }
    }
  ],
  "_floodtwin_fetch_meta": {
    "query_url": "https://services.arcgis.com/p5v98VHDX9Atv3l7/arcgis/rest/services/VDOTTrafficVolume/FeatureServer/0/query?geometry=-76.32%2C36.87%2C-76.28%2C36.92&geometryType=esriGeometryEnvelope&inSR=4326&spatialRel=esriSpatialRelIntersects&outFields=%2A&returnGeometry=true&f=geojson",
    "fetched_at_utc": "2026-08-10T23:47:43.222816+00:00"
  }
}